[{"__symbolic":"module","version":4,"metadata":{"VgFullscreen":{"__symbolic":"class","decorators":[{"__symbolic":"call","expression":{"__symbolic":"reference","module":"@angular/core","name":"Component","line":6,"character":1},"arguments":[{"selector":"vg-fullscreen","encapsulation":{"__symbolic":"select","expression":{"__symbolic":"reference","module":"@angular/core","name":"ViewEncapsulation","line":8,"character":19},"member":"None"},"template":"\n        <div class=\"icon\"\n             [class.vg-icon-fullscreen]=\"!isFullscreen\"\n             [class.vg-icon-fullscreen_exit]=\"isFullscreen\"\n             tabindex=\"0\"\n             role=\"button\"\n             aria-label=\"fullscreen button\"\n             [attr.aria-valuetext]=\"ariaValue\">\n        </div>","styles":["\n        vg-fullscreen {\n            -webkit-touch-callout: none;\n            -webkit-user-select: none;\n            -khtml-user-select: none;\n            -moz-user-select: none;\n            -ms-user-select: none;\n            user-select: none;\n            display: flex;\n            justify-content: center;\n            height: 50px;\n            width: 50px;\n            cursor: pointer;\n            color: white;\n            line-height: 50px;\n        }\n\n        vg-fullscreen .icon {\n            pointer-events: none;\n        }\n    "]}]}],"members":{"__ctor__":[{"__symbolic":"constructor","parameters":[{"__symbolic":"reference","module":"@angular/core","name":"ElementRef","line":50,"character":21},{"__symbolic":"reference","module":"../../core/services/vg-api","name":"VgAPI","line":50,"character":45},{"__symbolic":"reference","module":"../../core/services/vg-fullscreen-api","name":"VgFullscreenAPI","line":50,"character":66}]}],"ngOnInit":[{"__symbolic":"method"}],"onPlayerReady":[{"__symbolic":"method"}],"onChangeFullscreen":[{"__symbolic":"method"}],"onClick":[{"__symbolic":"method","decorators":[{"__symbolic":"call","expression":{"__symbolic":"reference","module":"@angular/core","name":"HostListener","line":73,"character":5},"arguments":["click"]}]}],"onKeyDown":[{"__symbolic":"method","decorators":[{"__symbolic":"call","expression":{"__symbolic":"reference","module":"@angular/core","name":"HostListener","line":78,"character":5},"arguments":["keydown",["$event"]]}]}],"changeFullscreenState":[{"__symbolic":"method"}],"ngOnDestroy":[{"__symbolic":"method"}]}}}}]