{"moduleName":null,"summaries":[{"symbol":{"__symbol":0,"members":[]},"metadata":{"__symbolic":"class","members":{"__ctor__":[{"__symbolic":"constructor","parameters":[{"__symbol":1,"members":[]},{"__symbol":2,"members":[]},{"__symbol":3,"members":[]}]}],"ngOnInit":[{"__symbolic":"method"}],"onPlayerReady":[{"__symbolic":"method"}],"onChangeFullscreen":[{"__symbolic":"method"}],"onClick":[{"__symbolic":"method","decorators":[{"__symbolic":"call","expression":{"__symbol":4,"members":[]},"arguments":["click"]}]}],"onKeyDown":[{"__symbolic":"method","decorators":[{"__symbolic":"call","expression":{"__symbol":4,"members":[]},"arguments":["keydown",["$event"]]}]}],"changeFullscreenState":[{"__symbolic":"method"}],"ngOnDestroy":[{"__symbolic":"method"}]}},"type":{"summaryKind":1,"type":{"reference":{"__symbol":0,"members":[]},"diDeps":[{"isAttribute":false,"isHost":false,"isSelf":false,"isSkipSelf":false,"isOptional":false,"token":{"identifier":{"reference":{"__symbol":1,"members":[]}}}},{"isAttribute":false,"isHost":false,"isSelf":false,"isSkipSelf":false,"isOptional":false,"token":{"identifier":{"reference":{"__symbol":2,"members":[]}}}},{"isAttribute":false,"isHost":false,"isSelf":false,"isSkipSelf":false,"isOptional":false,"token":{"identifier":{"reference":{"__symbol":3,"members":[]}}}}],"lifecycleHooks":[0,1]},"isComponent":true,"selector":"vg-fullscreen","exportAs":null,"inputs":{},"outputs":{},"hostListeners":{"click":"onClick()","keydown":"onKeyDown($event)"},"hostProperties":{},"hostAttributes":{},"providers":[],"viewProviders":[],"queries":[],"guards":{},"viewQueries":[],"entryComponents":[],"changeDetection":1,"template":{"ngContentSelectors":[],"encapsulation":2},"componentViewType":{"__symbol":5,"members":[]},"rendererType":{"__symbol":6,"members":[]},"componentFactory":{"__symbol":7,"members":[]}}}],"symbols":[{"__symbol":0,"name":"VgFullscreen","filePath":"./vg-fullscreen"},{"__symbol":1,"name":"ElementRef","filePath":"@angular/core"},{"__symbol":2,"name":"VgAPI","filePath":"../../core/services/vg-api"},{"__symbol":3,"name":"VgFullscreenAPI","filePath":"../../core/services/vg-fullscreen-api"},{"__symbol":4,"name":"HostListener","filePath":"@angular/core"},{"__symbol":5,"name":"View_VgFullscreen_0","filePath":"./vg-fullscreen.ngfactory"},{"__symbol":6,"name":"RenderType_VgFullscreen","filePath":"./vg-fullscreen.ngfactory"},{"__symbol":7,"name":"VgFullscreenNgFactory","filePath":"./vg-fullscreen.ngfactory"}]}