[{"__symbolic":"module","version":4,"metadata":{"VgOverlayPlayModule":{"__symbolic":"class","decorators":[{"__symbolic":"call","expression":{"__symbolic":"reference","module":"@angular/core","name":"NgModule","line":5,"character":1},"arguments":[{"imports":[{"__symbolic":"reference","module":"@angular/common","name":"CommonModule","line":6,"character":15}],"declarations":[{"__symbolic":"reference","module":"./vg-overlay-play","name":"VgOverlayPlay","line":8,"character":8}],"exports":[{"__symbolic":"reference","module":"./vg-overlay-play","name":"VgOverlayPlay","line":11,"character":8}]}]}]}}}]