{"moduleName":null,"summaries":[{"symbol":{"__symbol":0,"members":[]},"metadata":{"__symbolic":"class","members":{"vgFor":[{"__symbolic":"property","decorators":[{"__symbolic":"call","expression":{"__symbol":1,"members":[]}}]}],"isBuffering":[{"__symbolic":"property","decorators":[{"__symbolic":"call","expression":{"__symbol":2,"members":[]},"arguments":["class.is-buffering"]}]}],"__ctor__":[{"__symbolic":"constructor","parameters":[{"__symbol":3,"members":[]},{"__symbol":4,"members":[]},{"__symbol":5,"members":[]},{"__symbol":6,"members":[]}]}],"ngOnInit":[{"__symbolic":"method"}],"onPlayerReady":[{"__symbolic":"method"}],"onUpdateBuffer":[{"__symbolic":"method"}],"onChangeFullscreen":[{"__symbolic":"method"}],"onHideControls":[{"__symbolic":"method"}],"onClick":[{"__symbolic":"method","decorators":[{"__symbolic":"call","expression":{"__symbol":7,"members":[]},"arguments":["click"]}]}],"getState":[{"__symbolic":"method"}],"ngOnDestroy":[{"__symbolic":"method"}]}},"type":{"summaryKind":1,"type":{"reference":{"__symbol":0,"members":[]},"diDeps":[{"isAttribute":false,"isHost":false,"isSelf":false,"isSkipSelf":false,"isOptional":false,"token":{"identifier":{"reference":{"__symbol":3,"members":[]}}}},{"isAttribute":false,"isHost":false,"isSelf":false,"isSkipSelf":false,"isOptional":false,"token":{"identifier":{"reference":{"__symbol":4,"members":[]}}}},{"isAttribute":false,"isHost":false,"isSelf":false,"isSkipSelf":false,"isOptional":false,"token":{"identifier":{"reference":{"__symbol":5,"members":[]}}}},{"isAttribute":false,"isHost":false,"isSelf":false,"isSkipSelf":false,"isOptional":false,"token":{"identifier":{"reference":{"__symbol":6,"members":[]}}}}],"lifecycleHooks":[0,1]},"isComponent":true,"selector":"vg-overlay-play","exportAs":null,"inputs":{"vgFor":"vgFor"},"outputs":{},"hostListeners":{"click":"onClick()"},"hostProperties":{"class.is-buffering":"isBuffering"},"hostAttributes":{},"providers":[],"viewProviders":[],"queries":[],"guards":{},"viewQueries":[],"entryComponents":[],"changeDetection":1,"template":{"ngContentSelectors":[],"encapsulation":2},"componentViewType":{"__symbol":8,"members":[]},"rendererType":{"__symbol":9,"members":[]},"componentFactory":{"__symbol":10,"members":[]}}}],"symbols":[{"__symbol":0,"name":"VgOverlayPlay","filePath":"./vg-overlay-play"},{"__symbol":1,"name":"Input","filePath":"@angular/core"},{"__symbol":2,"name":"HostBinding","filePath":"@angular/core"},{"__symbol":3,"name":"ElementRef","filePath":"@angular/core"},{"__symbol":4,"name":"VgAPI","filePath":"../core/services/vg-api"},{"__symbol":5,"name":"VgFullscreenAPI","filePath":"../core/services/vg-fullscreen-api"},{"__symbol":6,"name":"VgControlsHidden","filePath":"../core/services/vg-controls-hidden"},{"__symbol":7,"name":"HostListener","filePath":"@angular/core"},{"__symbol":8,"name":"View_VgOverlayPlay_0","filePath":"./vg-overlay-play.ngfactory"},{"__symbol":9,"name":"RenderType_VgOverlayPlay","filePath":"./vg-overlay-play.ngfactory"},{"__symbol":10,"name":"VgOverlayPlayNgFactory","filePath":"./vg-overlay-play.ngfactory"}]}