[{"__symbolic":"module","version":4,"metadata":{"VgOverlayPlay":{"__symbolic":"class","decorators":[{"__symbolic":"call","expression":{"__symbolic":"reference","module":"@angular/core","name":"Component","line":10,"character":1},"arguments":[{"selector":"vg-overlay-play","encapsulation":{"__symbolic":"select","expression":{"__symbolic":"reference","module":"@angular/core","name":"ViewEncapsulation","line":12,"character":19},"member":"None"},"template":"<div class=\"vg-overlay-play\"\n                    [class.native-fullscreen]=\"isNativeFullscreen\"\n                    [class.controls-hidden]=\"areControlsHidden\">\n                   <div class=\"overlay-play-container\"\n                        [class.vg-icon-play_arrow]=\"getState() !== 'playing'\">\n                   </div>\n               </div>","styles":["\n        vg-overlay-play {\n            z-index: 200;\n        }\n\n        vg-overlay-play.is-buffering {\n            display: none;\n        }\n\n        vg-overlay-play .vg-overlay-play {\n            transition: all 0.5s;\n            cursor: pointer;\n            position: absolute;\n            display: block;\n            color: white;\n            width: 100%;\n            height: 100%;\n            font-size: 80px;\n            filter: alpha(opacity=60);\n            opacity: 0.6;\n        }\n\n        vg-overlay-play .vg-overlay-play.native-fullscreen.controls-hidden {\n            cursor: none;\n        }\n\n        vg-overlay-play .vg-overlay-play .overlay-play-container.vg-icon-play_arrow {\n            pointer-events: none;\n            width: 100%;\n            height: 100%;\n            position: absolute;\n            display: flex;\n            align-items: center;\n            justify-content: center;\n            font-size: 80px;\n        }\n\n        vg-overlay-play .vg-overlay-play:hover {\n            filter: alpha(opacity=100);\n            opacity: 1;\n        }\n\n        vg-overlay-play .vg-overlay-play:hover .overlay-play-container.vg-icon-play_arrow:before {\n            transform: scale(1.2);\n        }\n    "]}]}],"members":{"vgFor":[{"__symbolic":"property","decorators":[{"__symbolic":"call","expression":{"__symbolic":"reference","module":"@angular/core","name":"Input","line":68,"character":5}}]}],"isBuffering":[{"__symbolic":"property","decorators":[{"__symbolic":"call","expression":{"__symbolic":"reference","module":"@angular/core","name":"HostBinding","line":77,"character":5},"arguments":["class.is-buffering"]}]}],"__ctor__":[{"__symbolic":"constructor","parameters":[{"__symbolic":"reference","module":"@angular/core","name":"ElementRef","line":79,"character":21},{"__symbolic":"reference","module":"../core/services/vg-api","name":"VgAPI","line":79,"character":45},{"__symbolic":"reference","module":"../core/services/vg-fullscreen-api","name":"VgFullscreenAPI","line":79,"character":66},{"__symbolic":"reference","module":"../core/services/vg-controls-hidden","name":"VgControlsHidden","line":79,"character":107}]}],"ngOnInit":[{"__symbolic":"method"}],"onPlayerReady":[{"__symbolic":"method"}],"onUpdateBuffer":[{"__symbolic":"method"}],"onChangeFullscreen":[{"__symbolic":"method"}],"onHideControls":[{"__symbolic":"method"}],"onClick":[{"__symbolic":"method","decorators":[{"__symbolic":"call","expression":{"__symbolic":"reference","module":"@angular/core","name":"HostListener","line":117,"character":5},"arguments":["click"]}]}],"getState":[{"__symbolic":"method"}],"ngOnDestroy":[{"__symbolic":"method"}]}}}}]