[{"__symbolic":"module","version":4,"metadata":{"BitrateOption":{"__symbolic":"interface"},"coreDirectives":{"__symbolic":"function","parameters":[],"value":[{"__symbolic":"reference","module":"./vg-player/vg-player","name":"VgPlayer","line":45,"character":8},{"__symbolic":"reference","module":"./vg-media/vg-media","name":"VgMedia","line":45,"character":18},{"__symbolic":"reference","module":"./vg-cue-points/vg-cue-points","name":"VgCuePoints","line":45,"character":27}]},"coreServices":{"__symbolic":"function","parameters":[],"value":[{"__symbolic":"reference","module":"./services/vg-api","name":"VgAPI","line":51,"character":8},{"__symbolic":"reference","module":"./services/vg-fullscreen-api","name":"VgFullscreenAPI","line":51,"character":15},{"__symbolic":"reference","module":"./services/vg-utils","name":"VgUtils","line":51,"character":32},{"__symbolic":"reference","module":"./services/vg-controls-hidden","name":"VgControlsHidden","line":51,"character":41}]},"VgCoreModule":{"__symbolic":"class","decorators":[{"__symbolic":"call","expression":{"__symbolic":"reference","module":"@angular/core","name":"NgModule","line":55,"character":1},"arguments":[{"declarations":{"__symbolic":"call","expression":{"__symbolic":"reference","name":"coreDirectives"}},"exports":{"__symbolic":"call","expression":{"__symbolic":"reference","name":"coreDirectives"}},"providers":{"__symbolic":"call","expression":{"__symbolic":"reference","name":"coreServices"}}}]}]}},"exports":[{"from":"./vg-player/vg-player"},{"from":"./vg-media/vg-media"},{"from":"./vg-cue-points/vg-cue-points"},{"from":"./services/vg-api"},{"from":"./services/vg-fullscreen-api"},{"from":"./services/vg-utils"},{"from":"./services/vg-controls-hidden"},{"from":"./events/vg-events"},{"from":"./states/vg-states"},{"from":"./vg-media/i-media-element"},{"from":"./vg-media/vg-media-element"}]}]