{"moduleName":null,"summaries":[{"symbol":{"__symbol":0,"members":[]},"metadata":{"__symbol":1,"members":[]}},{"symbol":{"__symbol":2,"members":[]},"metadata":{"__symbol":3,"members":[]}},{"symbol":{"__symbol":4,"members":[]},"metadata":{"__symbol":5,"members":[]}},{"symbol":{"__symbol":6,"members":[]},"metadata":{"__symbol":7,"members":[]}},{"symbol":{"__symbol":8,"members":[]},"metadata":{"__symbol":9,"members":[]}},{"symbol":{"__symbol":10,"members":[]},"metadata":{"__symbol":11,"members":[]}},{"symbol":{"__symbol":12,"members":[]},"metadata":{"__symbol":13,"members":[]}},{"symbol":{"__symbol":14,"members":[]},"metadata":{"__symbol":15,"members":[]}},{"symbol":{"__symbol":16,"members":[]},"metadata":{"__symbol":17,"members":[]}},{"symbol":{"__symbol":18,"members":[]},"metadata":{"__symbol":19,"members":[]}},{"symbol":{"__symbol":20,"members":[]},"metadata":{"__symbol":21,"members":[]}},{"symbol":{"__symbol":22,"members":[]},"metadata":{"__symbolic":"interface"}},{"symbol":{"__symbol":23,"members":[]},"metadata":{"__symbolic":"function","parameters":[],"value":[{"__symbol":1,"members":[]},{"__symbol":3,"members":[]},{"__symbol":5,"members":[]}]}},{"symbol":{"__symbol":24,"members":[]},"metadata":{"__symbolic":"function","parameters":[],"value":[{"__symbol":7,"members":[]},{"__symbol":9,"members":[]},{"__symbol":11,"members":[]},{"__symbol":13,"members":[]}]}},{"symbol":{"__symbol":25,"members":[]},"metadata":{"__symbolic":"class"},"type":{"summaryKind":2,"type":{"reference":{"__symbol":25,"members":[]},"diDeps":[],"lifecycleHooks":[]},"entryComponents":[],"providers":[{"provider":{"token":{"identifier":{"reference":{"__symbol":7,"members":[]},"diDeps":[],"lifecycleHooks":[]}},"useClass":{"reference":{"__symbol":7,"members":[]},"diDeps":[],"lifecycleHooks":[]},"useFactory":null,"deps":[],"multi":false},"module":{"reference":{"__symbol":25,"members":[]},"diDeps":[],"lifecycleHooks":[]}},{"provider":{"token":{"identifier":{"reference":{"__symbol":9,"members":[]},"diDeps":[],"lifecycleHooks":[]}},"useClass":{"reference":{"__symbol":9,"members":[]},"diDeps":[],"lifecycleHooks":[]},"useFactory":null,"deps":[],"multi":false},"module":{"reference":{"__symbol":25,"members":[]},"diDeps":[],"lifecycleHooks":[]}},{"provider":{"token":{"identifier":{"reference":{"__symbol":11,"members":[]},"diDeps":[],"lifecycleHooks":[]}},"useClass":{"reference":{"__symbol":11,"members":[]},"diDeps":[],"lifecycleHooks":[]},"useFactory":null,"deps":[],"multi":false},"module":{"reference":{"__symbol":25,"members":[]},"diDeps":[],"lifecycleHooks":[]}},{"provider":{"token":{"identifier":{"reference":{"__symbol":13,"members":[]},"diDeps":[],"lifecycleHooks":[]}},"useClass":{"reference":{"__symbol":13,"members":[]},"diDeps":[],"lifecycleHooks":[]},"useFactory":null,"deps":[],"multi":false},"module":{"reference":{"__symbol":25,"members":[]},"diDeps":[],"lifecycleHooks":[]}}],"modules":[{"reference":{"__symbol":25,"members":[]},"diDeps":[],"lifecycleHooks":[]}],"exportedDirectives":[{"reference":{"__symbol":1,"members":[]}},{"reference":{"__symbol":3,"members":[]}},{"reference":{"__symbol":5,"members":[]}}],"exportedPipes":[]}}],"symbols":[{"__symbol":0,"name":"VgPlayer","filePath":"./core"},{"__symbol":1,"name":"VgPlayer","filePath":"./vg-player/vg-player"},{"__symbol":2,"name":"VgMedia","filePath":"./core"},{"__symbol":3,"name":"VgMedia","filePath":"./vg-media/vg-media"},{"__symbol":4,"name":"VgCuePoints","filePath":"./core"},{"__symbol":5,"name":"VgCuePoints","filePath":"./vg-cue-points/vg-cue-points"},{"__symbol":6,"name":"VgAPI","filePath":"./core"},{"__symbol":7,"name":"VgAPI","filePath":"./services/vg-api"},{"__symbol":8,"name":"VgFullscreenAPI","filePath":"./core"},{"__symbol":9,"name":"VgFullscreenAPI","filePath":"./services/vg-fullscreen-api"},{"__symbol":10,"name":"VgUtils","filePath":"./core"},{"__symbol":11,"name":"VgUtils","filePath":"./services/vg-utils"},{"__symbol":12,"name":"VgControlsHidden","filePath":"./core"},{"__symbol":13,"name":"VgControlsHidden","filePath":"./services/vg-controls-hidden"},{"__symbol":14,"name":"VgEvents","filePath":"./core"},{"__symbol":15,"name":"VgEvents","filePath":"./events/vg-events"},{"__symbol":16,"name":"VgStates","filePath":"./core"},{"__symbol":17,"name":"VgStates","filePath":"./states/vg-states"},{"__symbol":18,"name":"IMediaElement","filePath":"./core"},{"__symbol":19,"name":"IMediaElement","filePath":"./vg-media/i-media-element"},{"__symbol":20,"name":"VgMediaElement","filePath":"./core"},{"__symbol":21,"name":"VgMediaElement","filePath":"./vg-media/vg-media-element"},{"__symbol":22,"name":"BitrateOption","filePath":"./core"},{"__symbol":23,"name":"coreDirectives","filePath":"./core"},{"__symbol":24,"name":"coreServices","filePath":"./core"},{"__symbol":25,"name":"VgCoreModule","filePath":"./core"}]}