{"moduleName":null,"summaries":[{"symbol":{"__symbol":0,"members":[]},"metadata":{"__symbolic":"class","members":{"vgFor":[{"__symbolic":"property","decorators":[{"__symbolic":"call","expression":{"__symbol":1,"members":[]}}]}],"isBuffering":[{"__symbolic":"property","decorators":[{"__symbolic":"call","expression":{"__symbol":2,"members":[]},"arguments":["class.is-buffering"]}]}],"__ctor__":[{"__symbolic":"constructor","parameters":[{"__symbol":3,"members":[]},{"__symbol":4,"members":[]}]}],"ngOnInit":[{"__symbolic":"method"}],"onPlayerReady":[{"__symbolic":"method"}],"onUpdateBuffer":[{"__symbolic":"method"}],"ngOnDestroy":[{"__symbolic":"method"}]}},"type":{"summaryKind":1,"type":{"reference":{"__symbol":0,"members":[]},"diDeps":[{"isAttribute":false,"isHost":false,"isSelf":false,"isSkipSelf":false,"isOptional":false,"token":{"identifier":{"reference":{"__symbol":3,"members":[]}}}},{"isAttribute":false,"isHost":false,"isSelf":false,"isSkipSelf":false,"isOptional":false,"token":{"identifier":{"reference":{"__symbol":4,"members":[]}}}}],"lifecycleHooks":[0,1]},"isComponent":true,"selector":"vg-buffering","exportAs":null,"inputs":{"vgFor":"vgFor"},"outputs":{},"hostListeners":{},"hostProperties":{"class.is-buffering":"isBuffering"},"hostAttributes":{},"providers":[],"viewProviders":[],"queries":[],"guards":{},"viewQueries":[],"entryComponents":[],"changeDetection":1,"template":{"ngContentSelectors":[],"encapsulation":2},"componentViewType":{"__symbol":5,"members":[]},"rendererType":{"__symbol":6,"members":[]},"componentFactory":{"__symbol":7,"members":[]}}}],"symbols":[{"__symbol":0,"name":"VgBuffering","filePath":"./vg-buffering"},{"__symbol":1,"name":"Input","filePath":"@angular/core"},{"__symbol":2,"name":"HostBinding","filePath":"@angular/core"},{"__symbol":3,"name":"ElementRef","filePath":"@angular/core"},{"__symbol":4,"name":"VgAPI","filePath":"../core/services/vg-api"},{"__symbol":5,"name":"View_VgBuffering_0","filePath":"./vg-buffering.ngfactory"},{"__symbol":6,"name":"RenderType_VgBuffering","filePath":"./vg-buffering.ngfactory"},{"__symbol":7,"name":"VgBufferingNgFactory","filePath":"./vg-buffering.ngfactory"}]}