{"moduleName":null,"summaries":[{"symbol":{"__symbol":0,"members":[]},"metadata":{"__symbolic":"class","members":{"vgFor":[{"__symbolic":"property","decorators":[{"__symbolic":"call","expression":{"__symbol":1,"members":[]}}]}],"__ctor__":[{"__symbolic":"constructor","parameters":[{"__symbol":2,"members":[]},{"__symbol":3,"members":[]}]}],"ngOnInit":[{"__symbolic":"method"}],"onPlayerReady":[{"__symbolic":"method"}],"onClick":[{"__symbolic":"method","decorators":[{"__symbolic":"call","expression":{"__symbol":4,"members":[]},"arguments":["click"]}]}],"onKeyDown":[{"__symbolic":"method","decorators":[{"__symbolic":"call","expression":{"__symbol":4,"members":[]},"arguments":["keydown",["$event"]]}]}],"changeMuteState":[{"__symbolic":"method"}],"getVolume":[{"__symbolic":"method"}],"ngOnDestroy":[{"__symbolic":"method"}]}},"type":{"summaryKind":1,"type":{"reference":{"__symbol":0,"members":[]},"diDeps":[{"isAttribute":false,"isHost":false,"isSelf":false,"isSkipSelf":false,"isOptional":false,"token":{"identifier":{"reference":{"__symbol":2,"members":[]}}}},{"isAttribute":false,"isHost":false,"isSelf":false,"isSkipSelf":false,"isOptional":false,"token":{"identifier":{"reference":{"__symbol":3,"members":[]}}}}],"lifecycleHooks":[0,1]},"isComponent":true,"selector":"vg-mute","exportAs":null,"inputs":{"vgFor":"vgFor"},"outputs":{},"hostListeners":{"click":"onClick()","keydown":"onKeyDown($event)"},"hostProperties":{},"hostAttributes":{},"providers":[],"viewProviders":[],"queries":[],"guards":{},"viewQueries":[],"entryComponents":[],"changeDetection":1,"template":{"ngContentSelectors":[],"encapsulation":2},"componentViewType":{"__symbol":5,"members":[]},"rendererType":{"__symbol":6,"members":[]},"componentFactory":{"__symbol":7,"members":[]}}}],"symbols":[{"__symbol":0,"name":"VgMute","filePath":"./vg-mute"},{"__symbol":1,"name":"Input","filePath":"@angular/core"},{"__symbol":2,"name":"ElementRef","filePath":"@angular/core"},{"__symbol":3,"name":"VgAPI","filePath":"../../core/services/vg-api"},{"__symbol":4,"name":"HostListener","filePath":"@angular/core"},{"__symbol":5,"name":"View_VgMute_0","filePath":"./vg-mute.ngfactory"},{"__symbol":6,"name":"RenderType_VgMute","filePath":"./vg-mute.ngfactory"},{"__symbol":7,"name":"VgMuteNgFactory","filePath":"./vg-mute.ngfactory"}]}