{"moduleName":null,"summaries":[{"symbol":{"__symbol":0,"members":[]},"metadata":{"__symbolic":"class","members":{"onEnterCuePoint":[{"__symbolic":"property","decorators":[{"__symbolic":"call","expression":{"__symbol":1,"members":[]},"arguments":["onEnterCuePoint"]}]}],"onUpdateCuePoint":[{"__symbolic":"property","decorators":[{"__symbolic":"call","expression":{"__symbol":1,"members":[]},"arguments":["onUpdateCuePoint"]}]}],"onExitCuePoint":[{"__symbolic":"property","decorators":[{"__symbolic":"call","expression":{"__symbol":1,"members":[]},"arguments":["onExitCuePoint"]}]}],"onCompleteCuePoint":[{"__symbolic":"property","decorators":[{"__symbolic":"call","expression":{"__symbol":1,"members":[]},"arguments":["onCompleteCuePoint"]}]}],"__ctor__":[{"__symbolic":"constructor","parameters":[{"__symbol":2,"members":[]}]}],"ngOnInit":[{"__symbolic":"method"}],"onLoad":[{"__symbolic":"method"}],"updateCuePoints":[{"__symbolic":"method"}],"onEnter":[{"__symbolic":"method"}],"onExit":[{"__symbolic":"method"}],"ngDoCheck":[{"__symbolic":"method"}],"ngOnDestroy":[{"__symbolic":"method"}]}},"type":{"summaryKind":1,"type":{"reference":{"__symbol":0,"members":[]},"diDeps":[{"isAttribute":false,"isHost":false,"isSelf":false,"isSkipSelf":false,"isOptional":false,"token":{"identifier":{"reference":{"__symbol":2,"members":[]}}}}],"lifecycleHooks":[0,1,2]},"isComponent":false,"selector":"[vgCuePoints]","exportAs":null,"inputs":{},"outputs":{"onEnterCuePoint":"onEnterCuePoint","onUpdateCuePoint":"onUpdateCuePoint","onExitCuePoint":"onExitCuePoint","onCompleteCuePoint":"onCompleteCuePoint"},"hostListeners":{},"hostProperties":{},"hostAttributes":{},"providers":[],"viewProviders":[],"queries":[],"guards":{},"viewQueries":[],"entryComponents":[],"changeDetection":null,"template":null,"componentViewType":null,"rendererType":null,"componentFactory":null}}],"symbols":[{"__symbol":0,"name":"VgCuePoints","filePath":"./vg-cue-points"},{"__symbol":1,"name":"Output","filePath":"@angular/core"},{"__symbol":2,"name":"ElementRef","filePath":"@angular/core"}]}