[{"__symbolic":"module","version":4,"metadata":{"VgCuePoints":{"__symbolic":"class","decorators":[{"__symbolic":"call","expression":{"__symbolic":"reference","module":"@angular/core","name":"Directive","line":4,"character":1},"arguments":[{"selector":"[vgCuePoints]"}]}],"members":{"onEnterCuePoint":[{"__symbolic":"property","decorators":[{"__symbolic":"call","expression":{"__symbolic":"reference","module":"@angular/core","name":"Output","line":8,"character":5},"arguments":["onEnterCuePoint"]}]}],"onUpdateCuePoint":[{"__symbolic":"property","decorators":[{"__symbolic":"call","expression":{"__symbolic":"reference","module":"@angular/core","name":"Output","line":9,"character":5},"arguments":["onUpdateCuePoint"]}]}],"onExitCuePoint":[{"__symbolic":"property","decorators":[{"__symbolic":"call","expression":{"__symbolic":"reference","module":"@angular/core","name":"Output","line":10,"character":5},"arguments":["onExitCuePoint"]}]}],"onCompleteCuePoint":[{"__symbolic":"property","decorators":[{"__symbolic":"call","expression":{"__symbolic":"reference","module":"@angular/core","name":"Output","line":11,"character":5},"arguments":["onCompleteCuePoint"]}]}],"__ctor__":[{"__symbolic":"constructor","parameters":[{"__symbolic":"reference","module":"@angular/core","name":"ElementRef","line":22,"character":28}]}],"ngOnInit":[{"__symbolic":"method"}],"onLoad":[{"__symbolic":"method"}],"updateCuePoints":[{"__symbolic":"method"}],"onEnter":[{"__symbolic":"method"}],"onExit":[{"__symbolic":"method"}],"ngDoCheck":[{"__symbolic":"method"}],"ngOnDestroy":[{"__symbolic":"method"}]}}}}]