{"moduleName":null,"summaries":[{"symbol":{"__symbol":0,"members":[]},"metadata":{"__symbolic":"interface"}},{"symbol":{"__symbol":1,"members":[]},"metadata":{"__symbolic":"class"},"type":{"summaryKind":2,"type":{"reference":{"__symbol":1,"members":[]},"diDeps":[],"lifecycleHooks":[]},"entryComponents":[],"providers":[{"provider":{"token":{"identifier":{"reference":{"__symbol":2,"members":[]}}},"useClass":{"reference":{"__symbol":3,"members":[]},"diDeps":[{"isAttribute":false,"isHost":false,"isSelf":false,"isSkipSelf":false,"isOptional":false,"token":{"identifier":{"reference":{"__symbol":4,"members":[]}}}},{"isAttribute":false,"isHost":false,"isSelf":false,"isSkipSelf":false,"isOptional":true,"token":{"identifier":{"reference":{"__symbol":5,"members":[]}}}}],"lifecycleHooks":[]},"useFactory":null,"deps":[{"isAttribute":false,"isHost":false,"isSelf":false,"isSkipSelf":false,"isOptional":false,"token":{"identifier":{"reference":{"__symbol":4,"members":[]}}}},{"isAttribute":false,"isHost":false,"isSelf":false,"isSkipSelf":false,"isOptional":true,"token":{"identifier":{"reference":{"__symbol":5,"members":[]}}}}],"multi":false},"module":{"reference":{"__symbol":6,"members":[]},"diDeps":[],"lifecycleHooks":[]}}],"modules":[{"reference":{"__symbol":6,"members":[]},"diDeps":[],"lifecycleHooks":[]},{"reference":{"__symbol":1,"members":[]},"diDeps":[],"lifecycleHooks":[]}],"exportedDirectives":[{"reference":{"__symbol":7,"members":[]}},{"reference":{"__symbol":8,"members":[]}}],"exportedPipes":[]}}],"symbols":[{"__symbol":0,"name":"IDRMLicenseServer","filePath":"./streaming"},{"__symbol":1,"name":"VgStreamingModule","filePath":"./streaming"},{"__symbol":2,"name":"NgLocalization","filePath":"@angular/common"},{"__symbol":3,"name":"NgLocaleLocalization","filePath":"@angular/common"},{"__symbol":4,"name":"LOCALE_ID","filePath":"@angular/core"},{"__symbol":5,"name":"ɵangular_packages_common_common_a","filePath":"@angular/common"},{"__symbol":6,"name":"CommonModule","filePath":"@angular/common"},{"__symbol":7,"name":"VgDASH","filePath":"./vg-dash/vg-dash"},{"__symbol":8,"name":"VgHLS","filePath":"./vg-hls/vg-hls"}]}