[{"__symbolic":"module","version":4,"metadata":{"IDRMLicenseServer":{"__symbolic":"interface"},"VgStreamingModule":{"__symbolic":"class","decorators":[{"__symbolic":"call","expression":{"__symbolic":"reference","module":"@angular/core","name":"NgModule","line":11,"character":1},"arguments":[{"imports":[{"__symbolic":"reference","module":"@angular/common","name":"CommonModule","line":12,"character":15}],"declarations":[{"__symbolic":"reference","module":"./vg-dash/vg-dash","name":"VgDASH","line":14,"character":8},{"__symbolic":"reference","module":"./vg-hls/vg-hls","name":"VgHLS","line":14,"character":16}],"exports":[{"__symbolic":"reference","module":"./vg-dash/vg-dash","name":"VgDASH","line":17,"character":8},{"__symbolic":"reference","module":"./vg-hls/vg-hls","name":"VgHLS","line":17,"character":16}]}]}]}}}]