[{"__symbolic":"module","version":4,"metadata":{"VgMedia":{"__symbolic":"class","decorators":[{"__symbolic":"call","expression":{"__symbolic":"reference","module":"@angular/core","name":"Directive","line":14,"character":1},"arguments":[{"selector":"[vgMedia]"}]}],"members":{"vgMedia":[{"__symbolic":"property","decorators":[{"__symbolic":"call","expression":{"__symbolic":"reference","module":"@angular/core","name":"Input","line":20,"character":5}}]}],"vgMaster":[{"__symbolic":"property","decorators":[{"__symbolic":"call","expression":{"__symbolic":"reference","module":"@angular/core","name":"Input","line":21,"character":5}}]}],"__ctor__":[{"__symbolic":"constructor","parameters":[{"__symbolic":"reference","module":"../services/vg-api","name":"VgAPI","line":66,"character":29},{"__symbolic":"reference","module":"@angular/core","name":"ChangeDetectorRef","line":66,"character":49}]}],"ngOnInit":[{"__symbolic":"method"}],"prepareSync":[{"__symbolic":"method"}],"startSync":[{"__symbolic":"method"}],"onMutation":[{"__symbolic":"method"}],"loadMedia":[{"__symbolic":"method"}],"play":[{"__symbolic":"method"}],"pause":[{"__symbolic":"method"}],"onCanPlay":[{"__symbolic":"method"}],"onCanPlayThrough":[{"__symbolic":"method"}],"onLoadMetadata":[{"__symbolic":"method"}],"onWait":[{"__symbolic":"method"}],"onComplete":[{"__symbolic":"method"}],"onStartPlaying":[{"__symbolic":"method"}],"onPlay":[{"__symbolic":"method"}],"onPause":[{"__symbolic":"method"}],"onTimeUpdate":[{"__symbolic":"method"}],"onProgress":[{"__symbolic":"method"}],"onVolumeChange":[{"__symbolic":"method"}],"onError":[{"__symbolic":"method"}],"bufferCheck":[{"__symbolic":"method"}],"startBufferCheck":[{"__symbolic":"method"}],"stopBufferCheck":[{"__symbolic":"method"}],"seekTime":[{"__symbolic":"method"}],"addTextTrack":[{"__symbolic":"method"}],"ngOnDestroy":[{"__symbolic":"method"}]}}}}]