{"moduleName":null,"summaries":[{"symbol":{"__symbol":0,"members":[]},"metadata":{"__symbolic":"class","members":{"addTextTrack":[{"__symbolic":"method"}],"canPlayType":[{"__symbolic":"method"}],"load":[{"__symbolic":"method"}],"msClearEffects":[{"__symbolic":"method"}],"msGetAsCastingSource":[{"__symbolic":"method"}],"msInsertAudioEffect":[{"__symbolic":"method"}],"msSetMediaKeys":[{"__symbolic":"method"}],"msSetMediaProtectionManager":[{"__symbolic":"method"}],"pause":[{"__symbolic":"method"}],"play":[{"__symbolic":"method"}],"setMediaKeys":[{"__symbolic":"method"}],"addEventListener":[{"__symbolic":"method"}]}}}],"symbols":[{"__symbol":0,"name":"VgMediaElement","filePath":"./vg-media-element"}]}