{"moduleName":null,"summaries":[{"symbol":{"__symbol":0,"members":[]},"metadata":{"__symbolic":"class","members":{"vgMedia":[{"__symbolic":"property","decorators":[{"__symbolic":"call","expression":{"__symbol":1,"members":[]}}]}],"vgMaster":[{"__symbolic":"property","decorators":[{"__symbolic":"call","expression":{"__symbol":1,"members":[]}}]}],"__ctor__":[{"__symbolic":"constructor","parameters":[{"__symbol":2,"members":[]},{"__symbol":3,"members":[]}]}],"ngOnInit":[{"__symbolic":"method"}],"prepareSync":[{"__symbolic":"method"}],"startSync":[{"__symbolic":"method"}],"onMutation":[{"__symbolic":"method"}],"loadMedia":[{"__symbolic":"method"}],"play":[{"__symbolic":"method"}],"pause":[{"__symbolic":"method"}],"onCanPlay":[{"__symbolic":"method"}],"onCanPlayThrough":[{"__symbolic":"method"}],"onLoadMetadata":[{"__symbolic":"method"}],"onWait":[{"__symbolic":"method"}],"onComplete":[{"__symbolic":"method"}],"onStartPlaying":[{"__symbolic":"method"}],"onPlay":[{"__symbolic":"method"}],"onPause":[{"__symbolic":"method"}],"onTimeUpdate":[{"__symbolic":"method"}],"onProgress":[{"__symbolic":"method"}],"onVolumeChange":[{"__symbolic":"method"}],"onError":[{"__symbolic":"method"}],"bufferCheck":[{"__symbolic":"method"}],"startBufferCheck":[{"__symbolic":"method"}],"stopBufferCheck":[{"__symbolic":"method"}],"seekTime":[{"__symbolic":"method"}],"addTextTrack":[{"__symbolic":"method"}],"ngOnDestroy":[{"__symbolic":"method"}]}},"type":{"summaryKind":1,"type":{"reference":{"__symbol":0,"members":[]},"diDeps":[{"isAttribute":false,"isHost":false,"isSelf":false,"isSkipSelf":false,"isOptional":false,"token":{"identifier":{"reference":{"__symbol":2,"members":[]}}}},{"isAttribute":false,"isHost":false,"isSelf":false,"isSkipSelf":false,"isOptional":false,"token":{"identifier":{"reference":{"__symbol":3,"members":[]}}}}],"lifecycleHooks":[0,1]},"isComponent":false,"selector":"[vgMedia]","exportAs":null,"inputs":{"vgMedia":"vgMedia","vgMaster":"vgMaster"},"outputs":{},"hostListeners":{},"hostProperties":{},"hostAttributes":{},"providers":[],"viewProviders":[],"queries":[],"guards":{},"viewQueries":[],"entryComponents":[],"changeDetection":null,"template":null,"componentViewType":null,"rendererType":null,"componentFactory":null}}],"symbols":[{"__symbol":0,"name":"VgMedia","filePath":"./vg-media"},{"__symbol":1,"name":"Input","filePath":"@angular/core"},{"__symbol":2,"name":"VgAPI","filePath":"../services/vg-api"},{"__symbol":3,"name":"ChangeDetectorRef","filePath":"@angular/core"}]}