[{"__symbolic":"module","version":4,"metadata":{"VgPlayer":{"__symbolic":"class","decorators":[{"__symbolic":"call","expression":{"__symbolic":"reference","module":"@angular/core","name":"Component","line":17,"character":1},"arguments":[{"selector":"vg-player","encapsulation":{"__symbolic":"select","expression":{"__symbolic":"reference","module":"@angular/core","name":"ViewEncapsulation","line":19,"character":19},"member":"None"},"template":"<ng-content></ng-content>","styles":["\n        vg-player {\n            font-family: 'videogular';\n            position: relative;\n            display: flex;\n            width: 100%;\n            height: 100%;\n            overflow: hidden;\n            background-color: black;\n        }\n\n        vg-player.fullscreen {\n            position: fixed;\n            left: 0;\n            top: 0;\n        }\n\n        vg-player.native-fullscreen.controls-hidden {\n            cursor: none;\n        }\n    "],"providers":[{"__symbolic":"reference","module":"../services/vg-api","name":"VgAPI","line":42,"character":17},{"__symbolic":"reference","module":"../services/vg-fullscreen-api","name":"VgFullscreenAPI","line":42,"character":24},{"__symbolic":"reference","module":"../services/vg-controls-hidden","name":"VgControlsHidden","line":42,"character":41}]}]}],"members":{"isFullscreen":[{"__symbolic":"property","decorators":[{"__symbolic":"call","expression":{"__symbolic":"reference","module":"@angular/core","name":"HostBinding","line":47,"character":5},"arguments":["class.fullscreen"]}]}],"isNativeFullscreen":[{"__symbolic":"property","decorators":[{"__symbolic":"call","expression":{"__symbolic":"reference","module":"@angular/core","name":"HostBinding","line":48,"character":5},"arguments":["class.native-fullscreen"]}]}],"areControlsHidden":[{"__symbolic":"property","decorators":[{"__symbolic":"call","expression":{"__symbolic":"reference","module":"@angular/core","name":"HostBinding","line":49,"character":5},"arguments":["class.controls-hidden"]}]}],"zIndex":[{"__symbolic":"property","decorators":[{"__symbolic":"call","expression":{"__symbolic":"reference","module":"@angular/core","name":"HostBinding","line":50,"character":5},"arguments":["style.z-index"]}]}],"onPlayerReady":[{"__symbolic":"property","decorators":[{"__symbolic":"call","expression":{"__symbolic":"reference","module":"@angular/core","name":"Output","line":52,"character":5}}]}],"onMediaReady":[{"__symbolic":"property","decorators":[{"__symbolic":"call","expression":{"__symbolic":"reference","module":"@angular/core","name":"Output","line":55,"character":5}}]}],"medias":[{"__symbolic":"property","decorators":[{"__symbolic":"call","expression":{"__symbolic":"reference","module":"@angular/core","name":"ContentChildren","line":58,"character":5},"arguments":[{"__symbolic":"reference","module":"../vg-media/vg-media","name":"VgMedia","line":58,"character":21}]}]}],"__ctor__":[{"__symbolic":"constructor","parameters":[{"__symbolic":"reference","module":"@angular/core","name":"ElementRef","line":63,"character":21},{"__symbolic":"reference","module":"../services/vg-api","name":"VgAPI","line":63,"character":45},{"__symbolic":"reference","module":"../services/vg-fullscreen-api","name":"VgFullscreenAPI","line":63,"character":66},{"__symbolic":"reference","module":"../services/vg-controls-hidden","name":"VgControlsHidden","line":63,"character":107}]}],"ngAfterContentInit":[{"__symbolic":"method"}],"onChangeFullscreen":[{"__symbolic":"method"}],"onHideControls":[{"__symbolic":"method"}],"ngOnDestroy":[{"__symbolic":"method"}]}}}}]