{"moduleName":null,"summaries":[{"symbol":{"__symbol":0,"members":[]},"metadata":{"__symbolic":"class","members":{"isFullscreen":[{"__symbolic":"property","decorators":[{"__symbolic":"call","expression":{"__symbol":1,"members":[]},"arguments":["class.fullscreen"]}]}],"isNativeFullscreen":[{"__symbolic":"property","decorators":[{"__symbolic":"call","expression":{"__symbol":1,"members":[]},"arguments":["class.native-fullscreen"]}]}],"areControlsHidden":[{"__symbolic":"property","decorators":[{"__symbolic":"call","expression":{"__symbol":1,"members":[]},"arguments":["class.controls-hidden"]}]}],"zIndex":[{"__symbolic":"property","decorators":[{"__symbolic":"call","expression":{"__symbol":1,"members":[]},"arguments":["style.z-index"]}]}],"onPlayerReady":[{"__symbolic":"property","decorators":[{"__symbolic":"call","expression":{"__symbol":2,"members":[]}}]}],"onMediaReady":[{"__symbolic":"property","decorators":[{"__symbolic":"call","expression":{"__symbol":2,"members":[]}}]}],"medias":[{"__symbolic":"property","decorators":[{"__symbolic":"call","expression":{"__symbol":3,"members":[]},"arguments":[{"__symbol":4,"members":[]}]}]}],"__ctor__":[{"__symbolic":"constructor","parameters":[{"__symbol":5,"members":[]},{"__symbol":6,"members":[]},{"__symbol":7,"members":[]},{"__symbol":8,"members":[]}]}],"ngAfterContentInit":[{"__symbolic":"method"}],"onChangeFullscreen":[{"__symbolic":"method"}],"onHideControls":[{"__symbolic":"method"}],"ngOnDestroy":[{"__symbolic":"method"}]}},"type":{"summaryKind":1,"type":{"reference":{"__symbol":0,"members":[]},"diDeps":[{"isAttribute":false,"isHost":false,"isSelf":false,"isSkipSelf":false,"isOptional":false,"token":{"identifier":{"reference":{"__symbol":5,"members":[]}}}},{"isAttribute":false,"isHost":false,"isSelf":false,"isSkipSelf":false,"isOptional":false,"token":{"identifier":{"reference":{"__symbol":6,"members":[]}}}},{"isAttribute":false,"isHost":false,"isSelf":false,"isSkipSelf":false,"isOptional":false,"token":{"identifier":{"reference":{"__symbol":7,"members":[]}}}},{"isAttribute":false,"isHost":false,"isSelf":false,"isSkipSelf":false,"isOptional":false,"token":{"identifier":{"reference":{"__symbol":8,"members":[]}}}}],"lifecycleHooks":[1,4]},"isComponent":true,"selector":"vg-player","exportAs":null,"inputs":{},"outputs":{"onPlayerReady":"onPlayerReady","onMediaReady":"onMediaReady"},"hostListeners":{},"hostProperties":{"class.fullscreen":"isFullscreen","class.native-fullscreen":"isNativeFullscreen","class.controls-hidden":"areControlsHidden","style.z-index":"zIndex"},"hostAttributes":{},"providers":[{"token":{"identifier":{"reference":{"__symbol":6,"members":[]},"diDeps":[],"lifecycleHooks":[]}},"useClass":{"reference":{"__symbol":6,"members":[]},"diDeps":[],"lifecycleHooks":[]},"useFactory":null,"deps":[],"multi":false},{"token":{"identifier":{"reference":{"__symbol":7,"members":[]},"diDeps":[],"lifecycleHooks":[]}},"useClass":{"reference":{"__symbol":7,"members":[]},"diDeps":[],"lifecycleHooks":[]},"useFactory":null,"deps":[],"multi":false},{"token":{"identifier":{"reference":{"__symbol":8,"members":[]},"diDeps":[],"lifecycleHooks":[]}},"useClass":{"reference":{"__symbol":8,"members":[]},"diDeps":[],"lifecycleHooks":[]},"useFactory":null,"deps":[],"multi":false}],"viewProviders":[],"queries":[{"selectors":[{"identifier":{"reference":{"__symbol":4,"members":[]}}}],"first":false,"descendants":false,"propertyName":"medias","read":null}],"guards":{},"viewQueries":[],"entryComponents":[],"changeDetection":1,"template":{"ngContentSelectors":["*"],"encapsulation":2},"componentViewType":{"__symbol":9,"members":[]},"rendererType":{"__symbol":10,"members":[]},"componentFactory":{"__symbol":11,"members":[]}}}],"symbols":[{"__symbol":0,"name":"VgPlayer","filePath":"./vg-player"},{"__symbol":1,"name":"HostBinding","filePath":"@angular/core"},{"__symbol":2,"name":"Output","filePath":"@angular/core"},{"__symbol":3,"name":"ContentChildren","filePath":"@angular/core"},{"__symbol":4,"name":"VgMedia","filePath":"../vg-media/vg-media"},{"__symbol":5,"name":"ElementRef","filePath":"@angular/core"},{"__symbol":6,"name":"VgAPI","filePath":"../services/vg-api"},{"__symbol":7,"name":"VgFullscreenAPI","filePath":"../services/vg-fullscreen-api"},{"__symbol":8,"name":"VgControlsHidden","filePath":"../services/vg-controls-hidden"},{"__symbol":9,"name":"View_VgPlayer_0","filePath":"./vg-player.ngfactory"},{"__symbol":10,"name":"RenderType_VgPlayer","filePath":"./vg-player.ngfactory"},{"__symbol":11,"name":"VgPlayerNgFactory","filePath":"./vg-player.ngfactory"}]}