{"moduleName":null,"summaries":[{"symbol":{"__symbol":0,"members":[]},"metadata":{"__symbolic":"class","members":{"vgFor":[{"__symbolic":"property","decorators":[{"__symbolic":"call","expression":{"__symbol":1,"members":[]}}]}],"vgNetwork":[{"__symbolic":"property","decorators":[{"__symbolic":"call","expression":{"__symbol":1,"members":[]}}]}],"vgUnitPath":[{"__symbolic":"property","decorators":[{"__symbolic":"call","expression":{"__symbol":1,"members":[]}}]}],"vgCompanion":[{"__symbolic":"property","decorators":[{"__symbolic":"call","expression":{"__symbol":1,"members":[]}}]}],"vgCompanionSize":[{"__symbolic":"property","decorators":[{"__symbolic":"call","expression":{"__symbol":1,"members":[]}}]}],"vgAdTagUrl":[{"__symbolic":"property","decorators":[{"__symbolic":"call","expression":{"__symbol":1,"members":[]}}]}],"vgSkipButton":[{"__symbolic":"property","decorators":[{"__symbolic":"call","expression":{"__symbol":1,"members":[]}}]}],"onAdStart":[{"__symbolic":"property","decorators":[{"__symbolic":"call","expression":{"__symbol":2,"members":[]}}]}],"onAdStop":[{"__symbolic":"property","decorators":[{"__symbolic":"call","expression":{"__symbol":2,"members":[]}}]}],"onSkipAd":[{"__symbolic":"property","decorators":[{"__symbolic":"call","expression":{"__symbol":2,"members":[]}}]}],"displayState":[{"__symbolic":"property","decorators":[{"__symbolic":"call","expression":{"__symbol":3,"members":[]},"arguments":["style.display"]}]}],"__ctor__":[{"__symbolic":"constructor","parameters":[{"__symbol":4,"members":[]},{"__symbol":5,"members":[]},{"__symbol":6,"members":[]}]}],"ngOnInit":[{"__symbolic":"method"}],"onPlayerReady":[{"__symbolic":"method"}],"initializations":[{"__symbolic":"method"}],"loadAds":[{"__symbolic":"method"}],"onUpdateState":[{"__symbolic":"method"}],"requestAds":[{"__symbolic":"method"}],"onAdsManagerLoaded":[{"__symbolic":"method"}],"processAdsManager":[{"__symbolic":"method"}],"onSkippableStateChanged":[{"__symbolic":"method"}],"onClickSkip":[{"__symbolic":"method"}],"onContentPauseRequested":[{"__symbolic":"method"}],"onContentResumeRequested":[{"__symbolic":"method"}],"onAdError":[{"__symbolic":"method"}],"onAllAdsComplete":[{"__symbolic":"method"}],"onAdComplete":[{"__symbolic":"method"}],"show":[{"__symbolic":"method"}],"hide":[{"__symbolic":"method"}],"onContentEnded":[{"__symbolic":"method"}],"onChangeFullscreen":[{"__symbolic":"method"}],"onMissingGoogleImaLoader":[{"__symbolic":"method"}],"ngOnDestroy":[{"__symbolic":"method"}]}},"type":{"summaryKind":1,"type":{"reference":{"__symbol":0,"members":[]},"diDeps":[{"isAttribute":false,"isHost":false,"isSelf":false,"isSkipSelf":false,"isOptional":false,"token":{"identifier":{"reference":{"__symbol":4,"members":[]}}}},{"isAttribute":false,"isHost":false,"isSelf":false,"isSkipSelf":false,"isOptional":false,"token":{"identifier":{"reference":{"__symbol":5,"members":[]}}}},{"isAttribute":false,"isHost":false,"isSelf":false,"isSkipSelf":false,"isOptional":false,"token":{"identifier":{"reference":{"__symbol":6,"members":[]}}}}],"lifecycleHooks":[0,1]},"isComponent":true,"selector":"vg-ima-ads","exportAs":null,"inputs":{"vgFor":"vgFor","vgNetwork":"vgNetwork","vgUnitPath":"vgUnitPath","vgCompanion":"vgCompanion","vgCompanionSize":"vgCompanionSize","vgAdTagUrl":"vgAdTagUrl","vgSkipButton":"vgSkipButton"},"outputs":{"onAdStart":"onAdStart","onAdStop":"onAdStop","onSkipAd":"onSkipAd"},"hostListeners":{},"hostProperties":{"style.display":"displayState"},"hostAttributes":{},"providers":[],"viewProviders":[],"queries":[],"guards":{},"viewQueries":[],"entryComponents":[],"changeDetection":1,"template":{"ngContentSelectors":[],"encapsulation":2},"componentViewType":{"__symbol":8,"members":[]},"rendererType":{"__symbol":9,"members":[]},"componentFactory":{"__symbol":10,"members":[]}}},{"symbol":{"__symbol":7,"members":[]},"metadata":{"__symbolic":"class","members":{"__ctor__":[{"__symbolic":"constructor","parameters":[{"__symbolic":"error","message":"Could not resolve type","context":{"typeName":"HTMLElement"},"fileName":"src/ima-ads/vg-ima-ads.ts"}]}]}}}],"symbols":[{"__symbol":0,"name":"VgImaAds","filePath":"./vg-ima-ads"},{"__symbol":1,"name":"Input","filePath":"@angular/core"},{"__symbol":2,"name":"Output","filePath":"@angular/core"},{"__symbol":3,"name":"HostBinding","filePath":"@angular/core"},{"__symbol":4,"name":"ElementRef","filePath":"@angular/core"},{"__symbol":5,"name":"VgAPI","filePath":"../core/services/vg-api"},{"__symbol":6,"name":"VgFullscreenAPI","filePath":"../core/services/vg-fullscreen-api"},{"__symbol":7,"name":"Ima","filePath":"./vg-ima-ads"},{"__symbol":8,"name":"View_VgImaAds_0","filePath":"./vg-ima-ads.ngfactory"},{"__symbol":9,"name":"RenderType_VgImaAds","filePath":"./vg-ima-ads.ngfactory"},{"__symbol":10,"name":"VgImaAdsNgFactory","filePath":"./vg-ima-ads.ngfactory"}]}