[{"__symbolic":"module","version":4,"metadata":{"VgImaAds":{"__symbolic":"class","decorators":[{"__symbolic":"call","expression":{"__symbolic":"reference","module":"@angular/core","name":"Component","line":8,"character":1},"arguments":[{"selector":"vg-ima-ads","encapsulation":{"__symbolic":"select","expression":{"__symbolic":"reference","module":"@angular/core","name":"ViewEncapsulation","line":10,"character":19},"member":"None"},"template":"<div class=\"vg-ima-ads\"></div>","styles":["\n        vg-ima-ads {\n            position: absolute;\n            width: 100%;\n            height: 100%;\n            z-index: 300;\n        }\n        vg-ima-ads .vg-ima-ads {\n            position: absolute;\n            width: 100%;\n            height: 100%;\n            pointer-events: none;\n        }\n    "]}]}],"members":{"vgFor":[{"__symbolic":"property","decorators":[{"__symbolic":"call","expression":{"__symbolic":"reference","module":"@angular/core","name":"Input","line":28,"character":5}}]}],"vgNetwork":[{"__symbolic":"property","decorators":[{"__symbolic":"call","expression":{"__symbolic":"reference","module":"@angular/core","name":"Input","line":29,"character":5}}]}],"vgUnitPath":[{"__symbolic":"property","decorators":[{"__symbolic":"call","expression":{"__symbolic":"reference","module":"@angular/core","name":"Input","line":30,"character":5}}]}],"vgCompanion":[{"__symbolic":"property","decorators":[{"__symbolic":"call","expression":{"__symbolic":"reference","module":"@angular/core","name":"Input","line":31,"character":5}}]}],"vgCompanionSize":[{"__symbolic":"property","decorators":[{"__symbolic":"call","expression":{"__symbolic":"reference","module":"@angular/core","name":"Input","line":32,"character":5}}]}],"vgAdTagUrl":[{"__symbolic":"property","decorators":[{"__symbolic":"call","expression":{"__symbolic":"reference","module":"@angular/core","name":"Input","line":33,"character":5}}]}],"vgSkipButton":[{"__symbolic":"property","decorators":[{"__symbolic":"call","expression":{"__symbolic":"reference","module":"@angular/core","name":"Input","line":34,"character":5}}]}],"onAdStart":[{"__symbolic":"property","decorators":[{"__symbolic":"call","expression":{"__symbolic":"reference","module":"@angular/core","name":"Output","line":36,"character":5}}]}],"onAdStop":[{"__symbolic":"property","decorators":[{"__symbolic":"call","expression":{"__symbolic":"reference","module":"@angular/core","name":"Output","line":37,"character":5}}]}],"onSkipAd":[{"__symbolic":"property","decorators":[{"__symbolic":"call","expression":{"__symbolic":"reference","module":"@angular/core","name":"Output","line":38,"character":5}}]}],"displayState":[{"__symbolic":"property","decorators":[{"__symbolic":"call","expression":{"__symbolic":"reference","module":"@angular/core","name":"HostBinding","line":48,"character":5},"arguments":["style.display"]}]}],"__ctor__":[{"__symbolic":"constructor","parameters":[{"__symbolic":"reference","module":"@angular/core","name":"ElementRef","line":50,"character":21},{"__symbolic":"reference","module":"../core/services/vg-api","name":"VgAPI","line":50,"character":45},{"__symbolic":"reference","module":"../core/services/vg-fullscreen-api","name":"VgFullscreenAPI","line":50,"character":66}]}],"ngOnInit":[{"__symbolic":"method"}],"onPlayerReady":[{"__symbolic":"method"}],"initializations":[{"__symbolic":"method"}],"loadAds":[{"__symbolic":"method"}],"onUpdateState":[{"__symbolic":"method"}],"requestAds":[{"__symbolic":"method"}],"onAdsManagerLoaded":[{"__symbolic":"method"}],"processAdsManager":[{"__symbolic":"method"}],"onSkippableStateChanged":[{"__symbolic":"method"}],"onClickSkip":[{"__symbolic":"method"}],"onContentPauseRequested":[{"__symbolic":"method"}],"onContentResumeRequested":[{"__symbolic":"method"}],"onAdError":[{"__symbolic":"method"}],"onAllAdsComplete":[{"__symbolic":"method"}],"onAdComplete":[{"__symbolic":"method"}],"show":[{"__symbolic":"method"}],"hide":[{"__symbolic":"method"}],"onContentEnded":[{"__symbolic":"method"}],"onChangeFullscreen":[{"__symbolic":"method"}],"onMissingGoogleImaLoader":[{"__symbolic":"method"}],"ngOnDestroy":[{"__symbolic":"method"}]}},"Ima":{"__symbolic":"class","members":{"__ctor__":[{"__symbolic":"constructor","parameters":[{"__symbolic":"error","message":"Could not resolve type","line":309,"character":31,"context":{"typeName":"HTMLElement"}}]}]}}}}]