[{"__symbolic":"module","version":4,"metadata":{"VgVolume":{"__symbolic":"class","decorators":[{"__symbolic":"call","expression":{"__symbolic":"reference","module":"@angular/core","name":"Component","line":7,"character":1},"arguments":[{"selector":"vg-volume","encapsulation":{"__symbolic":"select","expression":{"__symbolic":"reference","module":"@angular/core","name":"ViewEncapsulation","line":9,"character":19},"member":"None"},"template":"\n        <div \n            #volumeBar\n            class=\"volumeBar\"\n            tabindex=\"0\"\n            role=\"slider\"\n            aria-label=\"volume level\"\n            aria-level=\"polite\"\n            [attr.aria-valuenow]=\"ariaValue\"\n            aria-valuemin=\"0\"\n            aria-valuemax=\"100\"\n            aria-orientation=\"horizontal\"\n            [attr.aria-valuetext]=\"ariaValue + '%'\"\n            (click)=\"onClick($event)\"\n            (mousedown)=\"onMouseDown($event)\">\n            <div class=\"volumeBackground\" [ngClass]=\"{dragging: isDragging}\">\n                <div class=\"volumeValue\" [style.width]=\"(getVolume() * (100-15)) + '%'\"></div>\n                <div class=\"volumeKnob\" [style.left]=\"(getVolume() * (100-15)) + '%'\"></div>\n            </div>\n        </div>\n    ","styles":["\n        vg-volume {\n            -webkit-touch-callout: none;\n            -webkit-user-select: none;\n            -moz-user-select: none;\n            -ms-user-select: none;\n            user-select: none;\n            display: flex;\n            justify-content: center;\n            height: 50px;\n            width: 100px;\n            cursor: pointer;\n            color: white;\n            line-height: 50px;\n        }\n        vg-volume .volumeBar {\n            position: relative;\n            display: flex;\n            flex-grow: 1;\n            align-items: center;\n        }\n        vg-volume .volumeBackground {\n            display: flex;\n            flex-grow: 1;\n            height: 5px;\n            pointer-events: none;\n            background-color: #333;\n        }\n        vg-volume .volumeValue {\n            display: flex;\n            height: 5px;\n            pointer-events: none;\n            background-color: #FFF;\n            transition:all 0.2s ease-out;\n        }\n        vg-volume .volumeKnob {\n            position: absolute;\n            width: 15px; height: 15px;\n            left: 0; top: 50%;\n            transform: translateY(-50%);\n            border-radius: 15px;\n            pointer-events: none;\n            background-color: #FFF;\n            transition:all 0.2s ease-out;\n        }\n        vg-volume .volumeBackground.dragging .volumeValue,\n        vg-volume .volumeBackground.dragging .volumeKnob {\n            transition: none;\n        }\n    "]}]}],"members":{"vgFor":[{"__symbolic":"property","decorators":[{"__symbolic":"call","expression":{"__symbolic":"reference","module":"@angular/core","name":"Input","line":83,"character":5}}]}],"volumeBarRef":[{"__symbolic":"property","decorators":[{"__symbolic":"call","expression":{"__symbolic":"reference","module":"@angular/core","name":"ViewChild","line":84,"character":5},"arguments":["volumeBar"]}]}],"__ctor__":[{"__symbolic":"constructor","parameters":[{"__symbolic":"reference","module":"@angular/core","name":"ElementRef","line":94,"character":21},{"__symbolic":"reference","module":"../../core/services/vg-api","name":"VgAPI","line":94,"character":45}]}],"ngOnInit":[{"__symbolic":"method"}],"onPlayerReady":[{"__symbolic":"method"}],"onClick":[{"__symbolic":"method"}],"onMouseDown":[{"__symbolic":"method"}],"onDrag":[{"__symbolic":"method","decorators":[{"__symbolic":"call","expression":{"__symbolic":"reference","module":"@angular/core","name":"HostListener","line":122,"character":5},"arguments":["document:mousemove",["$event"]]}]}],"onStopDrag":[{"__symbolic":"method","decorators":[{"__symbolic":"call","expression":{"__symbolic":"reference","module":"@angular/core","name":"HostListener","line":129,"character":5},"arguments":["document:mouseup",["$event"]]}]}],"arrowAdjustVolume":[{"__symbolic":"method","decorators":[{"__symbolic":"call","expression":{"__symbolic":"reference","module":"@angular/core","name":"HostListener","line":139,"character":5},"arguments":["keydown",["$event"]]}]}],"calculateVolume":[{"__symbolic":"method"}],"setVolume":[{"__symbolic":"method"}],"getVolume":[{"__symbolic":"method"}],"ngOnDestroy":[{"__symbolic":"method"}]}}}}]