{"moduleName":null,"summaries":[{"symbol":{"__symbol":0,"members":[]},"metadata":{"__symbolic":"class","members":{"vgFor":[{"__symbolic":"property","decorators":[{"__symbolic":"call","expression":{"__symbol":1,"members":[]}}]}],"volumeBarRef":[{"__symbolic":"property","decorators":[{"__symbolic":"call","expression":{"__symbol":2,"members":[]},"arguments":["volumeBar"]}]}],"__ctor__":[{"__symbolic":"constructor","parameters":[{"__symbol":3,"members":[]},{"__symbol":4,"members":[]}]}],"ngOnInit":[{"__symbolic":"method"}],"onPlayerReady":[{"__symbolic":"method"}],"onClick":[{"__symbolic":"method"}],"onMouseDown":[{"__symbolic":"method"}],"onDrag":[{"__symbolic":"method","decorators":[{"__symbolic":"call","expression":{"__symbol":5,"members":[]},"arguments":["document:mousemove",["$event"]]}]}],"onStopDrag":[{"__symbolic":"method","decorators":[{"__symbolic":"call","expression":{"__symbol":5,"members":[]},"arguments":["document:mouseup",["$event"]]}]}],"arrowAdjustVolume":[{"__symbolic":"method","decorators":[{"__symbolic":"call","expression":{"__symbol":5,"members":[]},"arguments":["keydown",["$event"]]}]}],"calculateVolume":[{"__symbolic":"method"}],"setVolume":[{"__symbolic":"method"}],"getVolume":[{"__symbolic":"method"}],"ngOnDestroy":[{"__symbolic":"method"}]}},"type":{"summaryKind":1,"type":{"reference":{"__symbol":0,"members":[]},"diDeps":[{"isAttribute":false,"isHost":false,"isSelf":false,"isSkipSelf":false,"isOptional":false,"token":{"identifier":{"reference":{"__symbol":3,"members":[]}}}},{"isAttribute":false,"isHost":false,"isSelf":false,"isSkipSelf":false,"isOptional":false,"token":{"identifier":{"reference":{"__symbol":4,"members":[]}}}}],"lifecycleHooks":[0,1]},"isComponent":true,"selector":"vg-volume","exportAs":null,"inputs":{"vgFor":"vgFor"},"outputs":{},"hostListeners":{"document:mousemove":"onDrag($event)","document:mouseup":"onStopDrag($event)","keydown":"arrowAdjustVolume($event)"},"hostProperties":{},"hostAttributes":{},"providers":[],"viewProviders":[],"queries":[],"guards":{},"viewQueries":[{"selectors":[{"value":"volumeBar"}],"first":true,"descendants":true,"propertyName":"volumeBarRef","read":null}],"entryComponents":[],"changeDetection":1,"template":{"ngContentSelectors":[],"encapsulation":2},"componentViewType":{"__symbol":6,"members":[]},"rendererType":{"__symbol":7,"members":[]},"componentFactory":{"__symbol":8,"members":[]}}}],"symbols":[{"__symbol":0,"name":"VgVolume","filePath":"./vg-volume"},{"__symbol":1,"name":"Input","filePath":"@angular/core"},{"__symbol":2,"name":"ViewChild","filePath":"@angular/core"},{"__symbol":3,"name":"ElementRef","filePath":"@angular/core"},{"__symbol":4,"name":"VgAPI","filePath":"../../core/services/vg-api"},{"__symbol":5,"name":"HostListener","filePath":"@angular/core"},{"__symbol":6,"name":"View_VgVolume_0","filePath":"./vg-volume.ngfactory"},{"__symbol":7,"name":"RenderType_VgVolume","filePath":"./vg-volume.ngfactory"},{"__symbol":8,"name":"VgVolumeNgFactory","filePath":"./vg-volume.ngfactory"}]}