{"moduleName":null,"summaries":[{"symbol":{"__symbol":0,"members":[]},"metadata":{"__symbolic":"class","members":{"bitrates":[{"__symbolic":"property","decorators":[{"__symbolic":"call","expression":{"__symbol":1,"members":[]}}]}],"onBitrateChange":[{"__symbolic":"property","decorators":[{"__symbolic":"call","expression":{"__symbol":2,"members":[]}}]}],"__ctor__":[{"__symbolic":"constructor","parameters":[{"__symbol":3,"members":[]},{"__symbol":4,"members":[]}]}],"ngOnInit":[{"__symbolic":"method"}],"ngOnChanges":[{"__symbolic":"method"}],"selectBitrate":[{"__symbolic":"method"}],"ngOnDestroy":[{"__symbolic":"method"}]}},"type":{"summaryKind":1,"type":{"reference":{"__symbol":0,"members":[]},"diDeps":[{"isAttribute":false,"isHost":false,"isSelf":false,"isSkipSelf":false,"isOptional":false,"token":{"identifier":{"reference":{"__symbol":3,"members":[]}}}},{"isAttribute":false,"isHost":false,"isSelf":false,"isSkipSelf":false,"isOptional":false,"token":{"identifier":{"reference":{"__symbol":4,"members":[]}}}}],"lifecycleHooks":[0,1,3]},"isComponent":true,"selector":"vg-quality-selector","exportAs":null,"inputs":{"bitrates":"bitrates"},"outputs":{"onBitrateChange":"onBitrateChange"},"hostListeners":{},"hostProperties":{},"hostAttributes":{},"providers":[],"viewProviders":[],"queries":[],"guards":{},"viewQueries":[],"entryComponents":[],"changeDetection":1,"template":{"ngContentSelectors":[],"encapsulation":2},"componentViewType":{"__symbol":5,"members":[]},"rendererType":{"__symbol":6,"members":[]},"componentFactory":{"__symbol":7,"members":[]}}}],"symbols":[{"__symbol":0,"name":"VgQualitySelector","filePath":"./vg-quality-selector"},{"__symbol":1,"name":"Input","filePath":"@angular/core"},{"__symbol":2,"name":"Output","filePath":"@angular/core"},{"__symbol":3,"name":"ElementRef","filePath":"@angular/core"},{"__symbol":4,"name":"VgAPI","filePath":"../../core/services/vg-api"},{"__symbol":5,"name":"View_VgQualitySelector_0","filePath":"./vg-quality-selector.ngfactory"},{"__symbol":6,"name":"RenderType_VgQualitySelector","filePath":"./vg-quality-selector.ngfactory"},{"__symbol":7,"name":"VgQualitySelectorNgFactory","filePath":"./vg-quality-selector.ngfactory"}]}