[{"__symbolic":"module","version":4,"metadata":{"VgEvents":{"__symbolic":"class","decorators":[{"__symbolic":"call","expression":{"__symbolic":"reference","module":"@angular/core","name":"Injectable","line":2,"character":1}}],"statics":{"VG_ABORT":"abort","VG_CAN_PLAY":"canplay","VG_CAN_PLAY_THROUGH":"canplaythrough","VG_DURATION_CHANGE":"durationchange","VG_EMPTIED":"emptied","VG_ENCRYPTED":"encrypted","VG_ENDED":"ended","VG_ERROR":"error","VG_LOADED_DATA":"loadeddata","VG_LOADED_METADATA":"loadedmetadata","VG_LOAD_START":"loadstart","VG_PAUSE":"pause","VG_PLAY":"play","VG_PLAYING":"playing","VG_PROGRESS":"progress","VG_RATE_CHANGE":"ratechange","VG_SEEK":"seek","VG_SEEKED":"seeked","VG_SEEKING":"seeking","VG_STALLED":"stalled","VG_SUSPEND":"suspend","VG_TIME_UPDATE":"timeupdate","VG_VOLUME_CHANGE":"volumechange","VG_WAITING":"waiting","VG_LOAD":"load","VG_ENTER":"enter","VG_EXIT":"exit","VG_START_ADS":"startads","VG_END_ADS":"endads"}}}}]