{"moduleName":null,"summaries":[{"symbol":{"__symbol":0,"members":[]},"metadata":{"__symbolic":"class","members":{"transform":[{"__symbolic":"method"}]}},"type":{"summaryKind":0,"type":{"reference":{"__symbol":0,"members":[]},"diDeps":[],"lifecycleHooks":[]},"name":"vgUtc","pure":true}},{"symbol":{"__symbol":1,"members":[]},"metadata":{"__symbolic":"class","members":{"vgFor":[{"__symbolic":"property","decorators":[{"__symbolic":"call","expression":{"__symbol":2,"members":[]}}]}],"vgProperty":[{"__symbolic":"property","decorators":[{"__symbolic":"call","expression":{"__symbol":2,"members":[]}}]}],"vgFormat":[{"__symbolic":"property","decorators":[{"__symbolic":"call","expression":{"__symbol":2,"members":[]}}]}],"__ctor__":[{"__symbolic":"constructor","parameters":[{"__symbol":3,"members":[]},{"__symbol":4,"members":[]}]}],"ngOnInit":[{"__symbolic":"method"}],"onPlayerReady":[{"__symbolic":"method"}],"getTime":[{"__symbolic":"method"}],"ngOnDestroy":[{"__symbolic":"method"}]}},"type":{"summaryKind":1,"type":{"reference":{"__symbol":1,"members":[]},"diDeps":[{"isAttribute":false,"isHost":false,"isSelf":false,"isSkipSelf":false,"isOptional":false,"token":{"identifier":{"reference":{"__symbol":3,"members":[]}}}},{"isAttribute":false,"isHost":false,"isSelf":false,"isSkipSelf":false,"isOptional":false,"token":{"identifier":{"reference":{"__symbol":4,"members":[]}}}}],"lifecycleHooks":[0,1]},"isComponent":true,"selector":"vg-time-display","exportAs":null,"inputs":{"vgFor":"vgFor","vgProperty":"vgProperty","vgFormat":"vgFormat"},"outputs":{},"hostListeners":{},"hostProperties":{},"hostAttributes":{},"providers":[],"viewProviders":[],"queries":[],"guards":{},"viewQueries":[],"entryComponents":[],"changeDetection":1,"template":{"ngContentSelectors":["*"],"encapsulation":2},"componentViewType":{"__symbol":5,"members":[]},"rendererType":{"__symbol":6,"members":[]},"componentFactory":{"__symbol":7,"members":[]}}}],"symbols":[{"__symbol":0,"name":"VgUtcPipe","filePath":"./vg-time-display"},{"__symbol":1,"name":"VgTimeDisplay","filePath":"./vg-time-display"},{"__symbol":2,"name":"Input","filePath":"@angular/core"},{"__symbol":3,"name":"ElementRef","filePath":"@angular/core"},{"__symbol":4,"name":"VgAPI","filePath":"../../core/services/vg-api"},{"__symbol":5,"name":"View_VgTimeDisplay_0","filePath":"./vg-time-display.ngfactory"},{"__symbol":6,"name":"RenderType_VgTimeDisplay","filePath":"./vg-time-display.ngfactory"},{"__symbol":7,"name":"VgTimeDisplayNgFactory","filePath":"./vg-time-display.ngfactory"}]}