[{"__symbolic":"module","version":4,"metadata":{"VgUtcPipe":{"__symbolic":"class","decorators":[{"__symbolic":"call","expression":{"__symbolic":"reference","module":"@angular/core","name":"Pipe","line":5,"character":1},"arguments":[{"name":"vgUtc"}]}],"members":{"transform":[{"__symbolic":"method"}]}},"VgTimeDisplay":{"__symbolic":"class","decorators":[{"__symbolic":"call","expression":{"__symbolic":"reference","module":"@angular/core","name":"Component","line":32,"character":1},"arguments":[{"selector":"vg-time-display","encapsulation":{"__symbolic":"select","expression":{"__symbolic":"reference","module":"@angular/core","name":"ViewEncapsulation","line":34,"character":19},"member":"None"},"template":"\n        <span *ngIf=\"target?.isLive\">LIVE</span>\n        <span *ngIf=\"!target?.isLive\">{{ getTime() | vgUtc:vgFormat }}</span>\n        <ng-content></ng-content>\n    ","styles":["\n        vg-time-display {\n            -webkit-touch-callout: none;\n            -webkit-user-select: none;\n            -moz-user-select: none;\n            -ms-user-select: none;\n            user-select: none;\n            display: flex;\n            justify-content: center;\n            height: 50px;\n            width: 60px;\n            cursor: pointer;\n            color: white;\n            line-height: 50px;\n            pointer-events: none;\n            font-family: Helvetica Neue, Helvetica, Arial, sans-serif;\n        }\n    "]}]}],"members":{"vgFor":[{"__symbolic":"property","decorators":[{"__symbolic":"call","expression":{"__symbolic":"reference","module":"@angular/core","name":"Input","line":60,"character":5}}]}],"vgProperty":[{"__symbolic":"property","decorators":[{"__symbolic":"call","expression":{"__symbolic":"reference","module":"@angular/core","name":"Input","line":61,"character":5}}]}],"vgFormat":[{"__symbolic":"property","decorators":[{"__symbolic":"call","expression":{"__symbolic":"reference","module":"@angular/core","name":"Input","line":62,"character":5}}]}],"__ctor__":[{"__symbolic":"constructor","parameters":[{"__symbolic":"reference","module":"@angular/core","name":"ElementRef","line":69,"character":21},{"__symbolic":"reference","module":"../../core/services/vg-api","name":"VgAPI","line":69,"character":45}]}],"ngOnInit":[{"__symbolic":"method"}],"onPlayerReady":[{"__symbolic":"method"}],"getTime":[{"__symbolic":"method"}],"ngOnDestroy":[{"__symbolic":"method"}]}}}}]