{"moduleName":null,"summaries":[{"symbol":{"__symbol":0,"members":[]},"metadata":{"__symbolic":"class","members":{"vgFor":[{"__symbolic":"property","decorators":[{"__symbolic":"call","expression":{"__symbol":1,"members":[]}}]}],"vgSlider":[{"__symbolic":"property","decorators":[{"__symbolic":"call","expression":{"__symbol":1,"members":[]}}]}],"__ctor__":[{"__symbolic":"constructor","parameters":[{"__symbol":2,"members":[]},{"__symbol":3,"members":[]}]}],"ngOnInit":[{"__symbolic":"method"}],"onPlayerReady":[{"__symbolic":"method"}],"getPercentage":[{"__symbolic":"method"}],"ngOnDestroy":[{"__symbolic":"method"}]}},"type":{"summaryKind":1,"type":{"reference":{"__symbol":0,"members":[]},"diDeps":[{"isAttribute":false,"isHost":false,"isSelf":false,"isSkipSelf":false,"isOptional":false,"token":{"identifier":{"reference":{"__symbol":2,"members":[]}}}},{"isAttribute":false,"isHost":false,"isSelf":false,"isSkipSelf":false,"isOptional":false,"token":{"identifier":{"reference":{"__symbol":3,"members":[]}}}}],"lifecycleHooks":[0,1]},"isComponent":true,"selector":"vg-scrub-bar-current-time","exportAs":null,"inputs":{"vgFor":"vgFor","vgSlider":"vgSlider"},"outputs":{},"hostListeners":{},"hostProperties":{},"hostAttributes":{},"providers":[],"viewProviders":[],"queries":[],"guards":{},"viewQueries":[],"entryComponents":[],"changeDetection":1,"template":{"ngContentSelectors":[],"encapsulation":2},"componentViewType":{"__symbol":4,"members":[]},"rendererType":{"__symbol":5,"members":[]},"componentFactory":{"__symbol":6,"members":[]}}}],"symbols":[{"__symbol":0,"name":"VgScrubBarCurrentTime","filePath":"./vg-scrub-bar-current-time"},{"__symbol":1,"name":"Input","filePath":"@angular/core"},{"__symbol":2,"name":"ElementRef","filePath":"@angular/core"},{"__symbol":3,"name":"VgAPI","filePath":"../../../core/services/vg-api"},{"__symbol":4,"name":"View_VgScrubBarCurrentTime_0","filePath":"./vg-scrub-bar-current-time.ngfactory"},{"__symbol":5,"name":"RenderType_VgScrubBarCurrentTime","filePath":"./vg-scrub-bar-current-time.ngfactory"},{"__symbol":6,"name":"VgScrubBarCurrentTimeNgFactory","filePath":"./vg-scrub-bar-current-time.ngfactory"}]}