[{"__symbolic":"module","version":4,"metadata":{"VgScrubBarCurrentTime":{"__symbolic":"class","decorators":[{"__symbolic":"call","expression":{"__symbolic":"reference","module":"@angular/core","name":"Component","line":4,"character":1},"arguments":[{"selector":"vg-scrub-bar-current-time","encapsulation":{"__symbolic":"select","expression":{"__symbolic":"reference","module":"@angular/core","name":"ViewEncapsulation","line":6,"character":19},"member":"None"},"template":"<div class=\"background\" [style.width]=\"getPercentage()\"></div><span class=\"slider\" *ngIf=\"vgSlider\"></span>","styles":["\n        vg-scrub-bar-current-time {\n            display: flex;\n            width: 100%;\n            height: 5px;\n            pointer-events: none;\n            position: absolute;\n        }\n\n        vg-scrub-bar-current-time .background {\n            background-color: white;\n        }\n\n        vg-controls vg-scrub-bar-current-time {\n            position: absolute;\n            top: calc(50% - 3px);\n            -webkit-border-radius: 2px;\n            -moz-border-radius: 2px;\n            border-radius: 2px;\n        }\n\n        vg-controls vg-scrub-bar-current-time .background {\n            border: 1px solid white;\n            -webkit-border-radius: 2px;\n            -moz-border-radius: 2px;\n            border-radius: 2px;\n        }\n        \n        vg-scrub-bar-current-time .slider{\n            background: white;\n            height: 15px;\n            width: 15px;\n            border-radius: 50%;\n            box-shadow: 0px 0px 10px black;\n            margin-top: -5px;\n            margin-left: -10px;\n        }\n    "]}]}],"members":{"vgFor":[{"__symbolic":"property","decorators":[{"__symbolic":"call","expression":{"__symbolic":"reference","module":"@angular/core","name":"Input","line":48,"character":5}}]}],"vgSlider":[{"__symbolic":"property","decorators":[{"__symbolic":"call","expression":{"__symbolic":"reference","module":"@angular/core","name":"Input","line":49,"character":5}}]}],"__ctor__":[{"__symbolic":"constructor","parameters":[{"__symbolic":"reference","module":"@angular/core","name":"ElementRef","line":56,"character":21},{"__symbolic":"reference","module":"../../../core/services/vg-api","name":"VgAPI","line":56,"character":45}]}],"ngOnInit":[{"__symbolic":"method"}],"onPlayerReady":[{"__symbolic":"method"}],"getPercentage":[{"__symbolic":"method"}],"ngOnDestroy":[{"__symbolic":"method"}]}}}}]