{"moduleName":null,"summaries":[{"symbol":{"__symbol":0,"members":[]},"metadata":{"__symbolic":"class","members":{"vgHls":[{"__symbolic":"property","decorators":[{"__symbolic":"call","expression":{"__symbol":1,"members":[]}}]}],"vgHlsHeaders":[{"__symbolic":"property","decorators":[{"__symbolic":"call","expression":{"__symbol":1,"members":[]}}]}],"onGetBitrates":[{"__symbolic":"property","decorators":[{"__symbolic":"call","expression":{"__symbol":2,"members":[]}}]}],"__ctor__":[{"__symbolic":"constructor","parameters":[{"__symbol":3,"members":[]},{"__symbol":4,"members":[]}]}],"ngOnInit":[{"__symbolic":"method"}],"onPlayerReady":[{"__symbolic":"method"}],"ngOnChanges":[{"__symbolic":"method"}],"createPlayer":[{"__symbolic":"method"}],"setBitrate":[{"__symbolic":"method"}],"destroyPlayer":[{"__symbolic":"method"}],"ngOnDestroy":[{"__symbolic":"method"}]}},"type":{"summaryKind":1,"type":{"reference":{"__symbol":0,"members":[]},"diDeps":[{"isAttribute":false,"isHost":false,"isSelf":false,"isSkipSelf":false,"isOptional":false,"token":{"identifier":{"reference":{"__symbol":3,"members":[]}}}},{"isAttribute":false,"isHost":false,"isSelf":false,"isSkipSelf":false,"isOptional":false,"token":{"identifier":{"reference":{"__symbol":4,"members":[]}}}}],"lifecycleHooks":[0,1,3]},"isComponent":false,"selector":"[vgHls]","exportAs":"vgHls","inputs":{"vgHls":"vgHls","vgHlsHeaders":"vgHlsHeaders"},"outputs":{"onGetBitrates":"onGetBitrates"},"hostListeners":{},"hostProperties":{},"hostAttributes":{},"providers":[],"viewProviders":[],"queries":[],"guards":{},"viewQueries":[],"entryComponents":[],"changeDetection":null,"template":null,"componentViewType":null,"rendererType":null,"componentFactory":null}}],"symbols":[{"__symbol":0,"name":"VgHLS","filePath":"./vg-hls"},{"__symbol":1,"name":"Input","filePath":"@angular/core"},{"__symbol":2,"name":"Output","filePath":"@angular/core"},{"__symbol":3,"name":"ElementRef","filePath":"@angular/core"},{"__symbol":4,"name":"VgAPI","filePath":"../../core/services/vg-api"}]}