[{"__symbolic":"module","version":4,"metadata":{"VgScrubBarBufferingTime":{"__symbolic":"class","decorators":[{"__symbolic":"call","expression":{"__symbolic":"reference","module":"@angular/core","name":"Component","line":4,"character":1},"arguments":[{"selector":"vg-scrub-bar-buffering-time","encapsulation":{"__symbolic":"select","expression":{"__symbolic":"reference","module":"@angular/core","name":"ViewEncapsulation","line":6,"character":19},"member":"None"},"template":"<div class=\"background\" [style.width]=\"getBufferTime()\"></div>","styles":["\n        vg-scrub-bar-buffering-time {\n            display: flex;\n            width: 100%;\n            height: 5px;\n            pointer-events: none;\n            position: absolute;\n        }\n\n        vg-scrub-bar-buffering-time .background {\n            background-color: rgba(255, 255, 255, 0.3);\n        }\n\n        vg-controls vg-scrub-bar-buffering-time {\n            position: absolute;\n            top: calc(50% - 3px);\n        }\n\n        vg-controls vg-scrub-bar-buffering-time .background {\n            -webkit-border-radius: 2px;\n            -moz-border-radius: 2px;\n            border-radius: 2px;\n        }\n    "]}]}],"members":{"vgFor":[{"__symbolic":"property","decorators":[{"__symbolic":"call","expression":{"__symbolic":"reference","module":"@angular/core","name":"Input","line":34,"character":5}}]}],"__ctor__":[{"__symbolic":"constructor","parameters":[{"__symbolic":"reference","module":"@angular/core","name":"ElementRef","line":41,"character":21},{"__symbolic":"reference","module":"../../../core/services/vg-api","name":"VgAPI","line":41,"character":45}]}],"ngOnInit":[{"__symbolic":"method"}],"onPlayerReady":[{"__symbolic":"method"}],"getBufferTime":[{"__symbolic":"method"}],"ngOnDestroy":[{"__symbolic":"method"}]}}}}]