{"moduleName":null,"summaries":[{"symbol":{"__symbol":0,"members":[]},"metadata":{"__symbolic":"class","members":{"hideScrubBar":[{"__symbolic":"property","decorators":[{"__symbolic":"call","expression":{"__symbol":1,"members":[]},"arguments":["class.hide"]}]}],"vgFor":[{"__symbolic":"property","decorators":[{"__symbolic":"call","expression":{"__symbol":2,"members":[]}}]}],"vgSlider":[{"__symbolic":"property","decorators":[{"__symbolic":"call","expression":{"__symbol":2,"members":[]}}]}],"__ctor__":[{"__symbolic":"constructor","parameters":[{"__symbol":3,"members":[]},{"__symbol":4,"members":[]},{"__symbol":5,"members":[]}]}],"ngOnInit":[{"__symbolic":"method"}],"onPlayerReady":[{"__symbolic":"method"}],"seekStart":[{"__symbolic":"method"}],"seekMove":[{"__symbolic":"method"}],"seekEnd":[{"__symbolic":"method"}],"touchEnd":[{"__symbolic":"method"}],"getTouchOffset":[{"__symbolic":"method"}],"onMouseDownScrubBar":[{"__symbolic":"method","decorators":[{"__symbolic":"call","expression":{"__symbol":6,"members":[]},"arguments":["mousedown",["$event"]]}]}],"onMouseMoveScrubBar":[{"__symbolic":"method","decorators":[{"__symbolic":"call","expression":{"__symbol":6,"members":[]},"arguments":["document:mousemove",["$event"]]}]}],"onMouseUpScrubBar":[{"__symbolic":"method","decorators":[{"__symbolic":"call","expression":{"__symbol":6,"members":[]},"arguments":["document:mouseup",["$event"]]}]}],"onTouchStartScrubBar":[{"__symbolic":"method","decorators":[{"__symbolic":"call","expression":{"__symbol":6,"members":[]},"arguments":["touchstart",["$event"]]}]}],"onTouchMoveScrubBar":[{"__symbolic":"method","decorators":[{"__symbolic":"call","expression":{"__symbol":6,"members":[]},"arguments":["document:touchmove",["$event"]]}]}],"onTouchCancelScrubBar":[{"__symbolic":"method","decorators":[{"__symbolic":"call","expression":{"__symbol":6,"members":[]},"arguments":["document:touchcancel",["$event"]]}]}],"onTouchEndScrubBar":[{"__symbolic":"method","decorators":[{"__symbolic":"call","expression":{"__symbol":6,"members":[]},"arguments":["document:touchend",["$event"]]}]}],"arrowAdjustVolume":[{"__symbolic":"method","decorators":[{"__symbolic":"call","expression":{"__symbol":6,"members":[]},"arguments":["keydown",["$event"]]}]}],"getPercentage":[{"__symbolic":"method"}],"onHideScrubBar":[{"__symbolic":"method"}],"ngOnDestroy":[{"__symbolic":"method"}]}},"type":{"summaryKind":1,"type":{"reference":{"__symbol":0,"members":[]},"diDeps":[{"isAttribute":false,"isHost":false,"isSelf":false,"isSkipSelf":false,"isOptional":false,"token":{"identifier":{"reference":{"__symbol":3,"members":[]}}}},{"isAttribute":false,"isHost":false,"isSelf":false,"isSkipSelf":false,"isOptional":false,"token":{"identifier":{"reference":{"__symbol":4,"members":[]}}}},{"isAttribute":false,"isHost":false,"isSelf":false,"isSkipSelf":false,"isOptional":false,"token":{"identifier":{"reference":{"__symbol":5,"members":[]}}}}],"lifecycleHooks":[0,1]},"isComponent":true,"selector":"vg-scrub-bar","exportAs":null,"inputs":{"vgFor":"vgFor","vgSlider":"vgSlider"},"outputs":{},"hostListeners":{"mousedown":"onMouseDownScrubBar($event)","document:mousemove":"onMouseMoveScrubBar($event)","document:mouseup":"onMouseUpScrubBar($event)","touchstart":"onTouchStartScrubBar($event)","document:touchmove":"onTouchMoveScrubBar($event)","document:touchcancel":"onTouchCancelScrubBar($event)","document:touchend":"onTouchEndScrubBar($event)","keydown":"arrowAdjustVolume($event)"},"hostProperties":{"class.hide":"hideScrubBar"},"hostAttributes":{},"providers":[],"viewProviders":[],"queries":[],"guards":{},"viewQueries":[],"entryComponents":[],"changeDetection":1,"template":{"ngContentSelectors":["*"],"encapsulation":2},"componentViewType":{"__symbol":7,"members":[]},"rendererType":{"__symbol":8,"members":[]},"componentFactory":{"__symbol":9,"members":[]}}}],"symbols":[{"__symbol":0,"name":"VgScrubBar","filePath":"./vg-scrub-bar"},{"__symbol":1,"name":"HostBinding","filePath":"@angular/core"},{"__symbol":2,"name":"Input","filePath":"@angular/core"},{"__symbol":3,"name":"ElementRef","filePath":"@angular/core"},{"__symbol":4,"name":"VgAPI","filePath":"../../core/services/vg-api"},{"__symbol":5,"name":"VgControlsHidden","filePath":"../../core/services/vg-controls-hidden"},{"__symbol":6,"name":"HostListener","filePath":"@angular/core"},{"__symbol":7,"name":"View_VgScrubBar_0","filePath":"./vg-scrub-bar.ngfactory"},{"__symbol":8,"name":"RenderType_VgScrubBar","filePath":"./vg-scrub-bar.ngfactory"},{"__symbol":9,"name":"VgScrubBarNgFactory","filePath":"./vg-scrub-bar.ngfactory"}]}