[{"__symbolic":"module","version":4,"metadata":{"VgPlayPause":{"__symbolic":"class","decorators":[{"__symbolic":"call","expression":{"__symbolic":"reference","module":"@angular/core","name":"Component","line":5,"character":1},"arguments":[{"selector":"vg-play-pause","encapsulation":{"__symbolic":"select","expression":{"__symbolic":"reference","module":"@angular/core","name":"ViewEncapsulation","line":7,"character":19},"member":"None"},"template":"\n        <div class=\"icon\"\n             [class.vg-icon-pause]=\"getState() === 'playing'\"\n             [class.vg-icon-play_arrow]=\"getState() === 'paused' || getState() === 'ended'\"\n             tabindex=\"0\"\n             role=\"button\"\n             [attr.aria-label]=\"getState() === 'paused'?'play':'pause'\"\n             [attr.aria-valuetext]=\"ariaValue\">\n        </div>","styles":["\n        vg-play-pause {\n            -webkit-touch-callout: none;\n            -webkit-user-select: none;\n            -khtml-user-select: none;\n            -moz-user-select: none;\n            -ms-user-select: none;\n            user-select: none;\n            display: flex;\n            justify-content: center;\n            height: 50px;\n            width: 50px;\n            cursor: pointer;\n            color: white;\n            line-height: 50px;\n        }\n\n        vg-play-pause .icon {\n            pointer-events: none;\n        }\n    "]}]}],"members":{"vgFor":[{"__symbolic":"property","decorators":[{"__symbolic":"call","expression":{"__symbolic":"reference","module":"@angular/core","name":"Input","line":40,"character":5}}]}],"__ctor__":[{"__symbolic":"constructor","parameters":[{"__symbolic":"reference","module":"@angular/core","name":"ElementRef","line":49,"character":21},{"__symbolic":"reference","module":"../../core/services/vg-api","name":"VgAPI","line":49,"character":45}]}],"ngOnInit":[{"__symbolic":"method"}],"onPlayerReady":[{"__symbolic":"method"}],"onClick":[{"__symbolic":"method","decorators":[{"__symbolic":"call","expression":{"__symbolic":"reference","module":"@angular/core","name":"HostListener","line":66,"character":5},"arguments":["click"]}]}],"onKeyDown":[{"__symbolic":"method","decorators":[{"__symbolic":"call","expression":{"__symbolic":"reference","module":"@angular/core","name":"HostListener","line":71,"character":5},"arguments":["keydown",["$event"]]}]}],"playPause":[{"__symbolic":"method"}],"getState":[{"__symbolic":"method"}],"ngOnDestroy":[{"__symbolic":"method"}]}}}}]