{"moduleName":null,"summaries":[{"symbol":{"__symbol":0,"members":[]},"metadata":{"__symbolic":"class","members":{"__ctor__":[{"__symbolic":"constructor"}],"onPlayerReady":[{"__symbolic":"method"}],"getDefaultMedia":[{"__symbolic":"method"}],"getMasterMedia":[{"__symbolic":"method"}],"isMasterDefined":[{"__symbolic":"method"}],"getMediaById":[{"__symbolic":"method"}],"play":[{"__symbolic":"method"}],"pause":[{"__symbolic":"method"}],"seekTime":[{"__symbolic":"method"}],"$$seek":[{"__symbolic":"method"}],"addTextTrack":[{"__symbolic":"method"}],"$$addTextTrack":[{"__symbolic":"method"}],"$$getAllProperties":[{"__symbolic":"method"}],"$$setAllProperties":[{"__symbolic":"method"}],"registerElement":[{"__symbolic":"method"}],"registerMedia":[{"__symbolic":"method"}],"unregisterMedia":[{"__symbolic":"method"}]}},"type":{"summaryKind":3,"type":{"reference":{"__symbol":0,"members":[]},"diDeps":[],"lifecycleHooks":[]}}}],"symbols":[{"__symbol":0,"name":"VgAPI","filePath":"./vg-api"}]}