[{"__symbolic":"module","version":4,"metadata":{"VgAPI":{"__symbolic":"class","decorators":[{"__symbolic":"call","expression":{"__symbolic":"reference","module":"@angular/core","name":"Injectable","line":5,"character":1}}],"members":{"__ctor__":[{"__symbolic":"constructor"}],"onPlayerReady":[{"__symbolic":"method"}],"getDefaultMedia":[{"__symbolic":"method"}],"getMasterMedia":[{"__symbolic":"method"}],"isMasterDefined":[{"__symbolic":"method"}],"getMediaById":[{"__symbolic":"method"}],"play":[{"__symbolic":"method"}],"pause":[{"__symbolic":"method"}],"seekTime":[{"__symbolic":"method"}],"$$seek":[{"__symbolic":"method"}],"addTextTrack":[{"__symbolic":"method"}],"$$addTextTrack":[{"__symbolic":"method"}],"$$getAllProperties":[{"__symbolic":"method"}],"$$setAllProperties":[{"__symbolic":"method"}],"registerElement":[{"__symbolic":"method"}],"registerMedia":[{"__symbolic":"method"}],"unregisterMedia":[{"__symbolic":"method"}]}}}}]