[{"__symbolic":"module","version":4,"metadata":{"VgFullscreenAPI":{"__symbolic":"class","decorators":[{"__symbolic":"call","expression":{"__symbolic":"reference","module":"@angular/core","name":"Injectable","line":5,"character":1}}],"members":{"__ctor__":[{"__symbolic":"constructor"}],"init":[{"__symbolic":"method"}],"onFullscreenChange":[{"__symbolic":"method"}],"toggleFullscreen":[{"__symbolic":"method"}],"request":[{"__symbolic":"method"}],"enterElementInFullScreen":[{"__symbolic":"method"}],"exit":[{"__symbolic":"method"}]}}}}]