{"moduleName":null,"summaries":[{"symbol":{"__symbol":0,"members":[]},"metadata":{"__symbolic":"class","members":{"__ctor__":[{"__symbolic":"constructor"}],"init":[{"__symbolic":"method"}],"onFullscreenChange":[{"__symbolic":"method"}],"toggleFullscreen":[{"__symbolic":"method"}],"request":[{"__symbolic":"method"}],"enterElementInFullScreen":[{"__symbolic":"method"}],"exit":[{"__symbolic":"method"}]}},"type":{"summaryKind":3,"type":{"reference":{"__symbol":0,"members":[]},"diDeps":[],"lifecycleHooks":[]}}}],"symbols":[{"__symbol":0,"name":"VgFullscreenAPI","filePath":"./vg-fullscreen-api"}]}