[{"__symbolic":"module","version":4,"metadata":{"VgUtils":{"__symbolic":"class","decorators":[{"__symbolic":"call","expression":{"__symbolic":"reference","module":"@angular/core","name":"Injectable","line":2,"character":1}}],"statics":{"isMobileDevice":{"__symbolic":"function","parameters":[],"value":{"__symbolic":"binop","operator":"||","left":{"__symbolic":"binop","operator":"!==","left":{"__symbolic":"error","message":"Expression form not supported","line":28,"character":16},"right":"undefined"},"right":{"__symbolic":"binop","operator":"!==","left":{"__symbolic":"call","expression":{"__symbolic":"select","expression":{"__symbolic":"select","expression":{"__symbolic":"reference","name":"navigator"},"member":"userAgent"},"member":"indexOf"},"arguments":["IEMobile"]},"right":-1}}},"isiOSDevice":{"__symbolic":"function","parameters":[],"value":{"__symbolic":"binop","operator":"&&","left":{"__symbolic":"call","expression":{"__symbolic":"select","expression":{"__symbolic":"select","expression":{"__symbolic":"reference","name":"navigator"},"member":"userAgent"},"member":"match"},"arguments":[{"__symbolic":"error","message":"Expression form not supported","line":32,"character":42}]},"right":{"__symbolic":"pre","operator":"!","operand":{"__symbolic":"call","expression":{"__symbolic":"select","expression":{"__symbolic":"select","expression":{"__symbolic":"reference","name":"navigator"},"member":"userAgent"},"member":"match"},"arguments":[{"__symbolic":"error","message":"Expression form not supported","line":32,"character":91}]}}}},"isCordova":{"__symbolic":"function","parameters":[],"value":{"__symbolic":"binop","operator":"&&","left":{"__symbolic":"binop","operator":"===","left":{"__symbolic":"call","expression":{"__symbolic":"select","expression":{"__symbolic":"select","expression":{"__symbolic":"reference","name":"document"},"member":"URL"},"member":"indexOf"},"arguments":["http://"]},"right":-1},"right":{"__symbolic":"binop","operator":"===","left":{"__symbolic":"call","expression":{"__symbolic":"select","expression":{"__symbolic":"select","expression":{"__symbolic":"reference","name":"document"},"member":"URL"},"member":"indexOf"},"arguments":["https://"]},"right":-1}}}}}}}]