{"moduleName":null,"summaries":[{"symbol":{"__symbol":0,"members":[]},"metadata":{"__symbolic":"class","statics":{"isMobileDevice":{"__symbolic":"function","parameters":[],"value":{"__symbolic":"binop","operator":"||","left":{"__symbolic":"binop","operator":"!==","left":{"__symbolic":"error","message":"Expression form not supported","fileName":"src/core/services/vg-utils.ts"},"right":"undefined"},"right":{"__symbolic":"binop","operator":"!==","left":{"__symbolic":"call","expression":{"__symbolic":"select","expression":{"__symbolic":"select","member":"userAgent"},"member":"indexOf"},"arguments":["IEMobile"]},"right":-1}}},"isiOSDevice":{"__symbolic":"function","parameters":[],"value":{"__symbolic":"binop","operator":"&&","left":{"__symbolic":"call","expression":{"__symbolic":"select","expression":{"__symbolic":"select","member":"userAgent"},"member":"match"},"arguments":[{"__symbolic":"error","message":"Expression form not supported","fileName":"src/core/services/vg-utils.ts"}]},"right":{"__symbolic":"pre","operator":"!","operand":{"__symbolic":"call","expression":{"__symbolic":"select","expression":{"__symbolic":"select","member":"userAgent"},"member":"match"},"arguments":[{"__symbolic":"error","message":"Expression form not supported","fileName":"src/core/services/vg-utils.ts"}]}}}},"isCordova":{"__symbolic":"function","parameters":[],"value":{"__symbolic":"binop","operator":"&&","left":{"__symbolic":"binop","operator":"===","left":{"__symbolic":"call","expression":{"__symbolic":"select","expression":{"__symbolic":"select","member":"URL"},"member":"indexOf"},"arguments":["http://"]},"right":-1},"right":{"__symbolic":"binop","operator":"===","left":{"__symbolic":"call","expression":{"__symbolic":"select","expression":{"__symbolic":"select","member":"URL"},"member":"indexOf"},"arguments":["https://"]},"right":-1}}}}},"type":{"summaryKind":3,"type":{"reference":{"__symbol":0,"members":[]},"diDeps":[],"lifecycleHooks":[]}}}],"symbols":[{"__symbol":0,"name":"VgUtils","filePath":"./vg-utils"}]}