{"moduleName":null,"summaries":[{"symbol":{"__symbol":0,"members":[]},"metadata":{"__symbol":1,"members":[]}},{"symbol":{"__symbol":2,"members":[]},"metadata":{"__symbol":3,"members":[]}},{"symbol":{"__symbol":4,"members":[]},"metadata":{"__symbol":5,"members":[]}},{"symbol":{"__symbol":6,"members":[]},"metadata":{"__symbol":7,"members":[]}},{"symbol":{"__symbol":8,"members":[]},"metadata":{"__symbol":9,"members":[]}},{"symbol":{"__symbol":10,"members":[]},"metadata":{"__symbol":11,"members":[]}},{"symbol":{"__symbol":12,"members":[]},"metadata":{"__symbol":13,"members":[]}},{"symbol":{"__symbol":14,"members":[]},"metadata":{"__symbol":15,"members":[]}},{"symbol":{"__symbol":16,"members":[]},"metadata":{"__symbol":17,"members":[]}},{"symbol":{"__symbol":18,"members":[]},"metadata":{"__symbol":19,"members":[]}},{"symbol":{"__symbol":20,"members":[]},"metadata":{"__symbol":21,"members":[]}},{"symbol":{"__symbol":22,"members":[]},"metadata":{"__symbol":23,"members":[]}},{"symbol":{"__symbol":24,"members":[]},"metadata":{"__symbol":25,"members":[]}},{"symbol":{"__symbol":26,"members":[]},"metadata":{"__symbol":27,"members":[]}},{"symbol":{"__symbol":28,"members":[]},"metadata":{"__symbol":29,"members":[]}}],"symbols":[{"__symbol":0,"name":"VgPlayer","filePath":"./core"},{"__symbol":1,"name":"VgPlayer","filePath":"./src/core/core"},{"__symbol":2,"name":"VgMedia","filePath":"./core"},{"__symbol":3,"name":"VgMedia","filePath":"./src/core/core"},{"__symbol":4,"name":"VgCuePoints","filePath":"./core"},{"__symbol":5,"name":"VgCuePoints","filePath":"./src/core/core"},{"__symbol":6,"name":"VgAPI","filePath":"./core"},{"__symbol":7,"name":"VgAPI","filePath":"./src/core/core"},{"__symbol":8,"name":"VgFullscreenAPI","filePath":"./core"},{"__symbol":9,"name":"VgFullscreenAPI","filePath":"./src/core/core"},{"__symbol":10,"name":"VgUtils","filePath":"./core"},{"__symbol":11,"name":"VgUtils","filePath":"./src/core/core"},{"__symbol":12,"name":"VgControlsHidden","filePath":"./core"},{"__symbol":13,"name":"VgControlsHidden","filePath":"./src/core/core"},{"__symbol":14,"name":"VgEvents","filePath":"./core"},{"__symbol":15,"name":"VgEvents","filePath":"./src/core/core"},{"__symbol":16,"name":"VgStates","filePath":"./core"},{"__symbol":17,"name":"VgStates","filePath":"./src/core/core"},{"__symbol":18,"name":"IMediaElement","filePath":"./core"},{"__symbol":19,"name":"IMediaElement","filePath":"./src/core/core"},{"__symbol":20,"name":"VgMediaElement","filePath":"./core"},{"__symbol":21,"name":"VgMediaElement","filePath":"./src/core/core"},{"__symbol":22,"name":"BitrateOption","filePath":"./core"},{"__symbol":23,"name":"BitrateOption","filePath":"./src/core/core"},{"__symbol":24,"name":"coreDirectives","filePath":"./core"},{"__symbol":25,"name":"coreDirectives","filePath":"./src/core/core"},{"__symbol":26,"name":"coreServices","filePath":"./core"},{"__symbol":27,"name":"coreServices","filePath":"./src/core/core"},{"__symbol":28,"name":"VgCoreModule","filePath":"./core"},{"__symbol":29,"name":"VgCoreModule","filePath":"./src/core/core"}]}