[{"__symbolic":"module","version":4,"metadata":{"VgControlsModule":{"__symbolic":"class","decorators":[{"__symbolic":"call","expression":{"__symbolic":"reference","module":"@angular/core","name":"NgModule","line":17,"character":1},"arguments":[{"imports":[{"__symbolic":"reference","module":"@angular/common","name":"CommonModule","line":18,"character":15}],"declarations":[{"__symbolic":"reference","module":"./vg-controls","name":"VgControls","line":20,"character":8},{"__symbolic":"reference","module":"./vg-fullscreen/vg-fullscreen","name":"VgFullscreen","line":21,"character":8},{"__symbolic":"reference","module":"./vg-mute/vg-mute","name":"VgMute","line":22,"character":8},{"__symbolic":"reference","module":"./vg-volume/vg-volume","name":"VgVolume","line":23,"character":8},{"__symbolic":"reference","module":"./vg-play-pause/vg-play-pause","name":"VgPlayPause","line":24,"character":8},{"__symbolic":"reference","module":"./vg-playback-button/vg-playback-button","name":"VgPlaybackButton","line":25,"character":8},{"__symbolic":"reference","module":"./vg-scrub-bar/vg-scrub-bar","name":"VgScrubBar","line":26,"character":8},{"__symbolic":"reference","module":"./vg-scrub-bar/vg-scrub-bar-buffering-time/vg-scrub-bar-buffering-time","name":"VgScrubBarBufferingTime","line":27,"character":8},{"__symbolic":"reference","module":"./vg-scrub-bar/vg-scrub-bar-cue-points/vg-scrub-bar-cue-points","name":"VgScrubBarCuePoints","line":28,"character":8},{"__symbolic":"reference","module":"./vg-scrub-bar/vg-scrub-bar-current-time/vg-scrub-bar-current-time","name":"VgScrubBarCurrentTime","line":29,"character":8},{"__symbolic":"reference","module":"./vg-time-display/vg-time-display","name":"VgTimeDisplay","line":30,"character":8},{"__symbolic":"reference","module":"./vg-time-display/vg-time-display","name":"VgUtcPipe","line":31,"character":8},{"__symbolic":"reference","module":"./vg-track-selector/vg-track-selector","name":"VgTrackSelector","line":32,"character":8},{"__symbolic":"reference","module":"./vg-quality-selector/vg-quality-selector","name":"VgQualitySelector","line":33,"character":8}],"exports":[{"__symbolic":"reference","module":"./vg-controls","name":"VgControls","line":36,"character":8},{"__symbolic":"reference","module":"./vg-fullscreen/vg-fullscreen","name":"VgFullscreen","line":37,"character":8},{"__symbolic":"reference","module":"./vg-mute/vg-mute","name":"VgMute","line":38,"character":8},{"__symbolic":"reference","module":"./vg-volume/vg-volume","name":"VgVolume","line":39,"character":8},{"__symbolic":"reference","module":"./vg-play-pause/vg-play-pause","name":"VgPlayPause","line":40,"character":8},{"__symbolic":"reference","module":"./vg-playback-button/vg-playback-button","name":"VgPlaybackButton","line":41,"character":8},{"__symbolic":"reference","module":"./vg-scrub-bar/vg-scrub-bar","name":"VgScrubBar","line":42,"character":8},{"__symbolic":"reference","module":"./vg-scrub-bar/vg-scrub-bar-buffering-time/vg-scrub-bar-buffering-time","name":"VgScrubBarBufferingTime","line":43,"character":8},{"__symbolic":"reference","module":"./vg-scrub-bar/vg-scrub-bar-cue-points/vg-scrub-bar-cue-points","name":"VgScrubBarCuePoints","line":44,"character":8},{"__symbolic":"reference","module":"./vg-scrub-bar/vg-scrub-bar-current-time/vg-scrub-bar-current-time","name":"VgScrubBarCurrentTime","line":45,"character":8},{"__symbolic":"reference","module":"./vg-time-display/vg-time-display","name":"VgTimeDisplay","line":46,"character":8},{"__symbolic":"reference","module":"./vg-time-display/vg-time-display","name":"VgUtcPipe","line":47,"character":8},{"__symbolic":"reference","module":"./vg-track-selector/vg-track-selector","name":"VgTrackSelector","line":48,"character":8},{"__symbolic":"reference","module":"./vg-quality-selector/vg-quality-selector","name":"VgQualitySelector","line":49,"character":8}],"providers":[{"__symbolic":"reference","module":"../core/services/vg-controls-hidden","name":"VgControlsHidden","line":51,"character":17}]}]}]}}}]