{"moduleName":null,"summaries":[{"symbol":{"__symbol":0,"members":[]},"metadata":{"__symbolic":"class"},"type":{"summaryKind":2,"type":{"reference":{"__symbol":0,"members":[]},"diDeps":[],"lifecycleHooks":[]},"entryComponents":[],"providers":[{"provider":{"token":{"identifier":{"reference":{"__symbol":1,"members":[]}}},"useClass":{"reference":{"__symbol":2,"members":[]},"diDeps":[{"isAttribute":false,"isHost":false,"isSelf":false,"isSkipSelf":false,"isOptional":false,"token":{"identifier":{"reference":{"__symbol":3,"members":[]}}}},{"isAttribute":false,"isHost":false,"isSelf":false,"isSkipSelf":false,"isOptional":true,"token":{"identifier":{"reference":{"__symbol":4,"members":[]}}}}],"lifecycleHooks":[]},"useFactory":null,"deps":[{"isAttribute":false,"isHost":false,"isSelf":false,"isSkipSelf":false,"isOptional":false,"token":{"identifier":{"reference":{"__symbol":3,"members":[]}}}},{"isAttribute":false,"isHost":false,"isSelf":false,"isSkipSelf":false,"isOptional":true,"token":{"identifier":{"reference":{"__symbol":4,"members":[]}}}}],"multi":false},"module":{"reference":{"__symbol":5,"members":[]},"diDeps":[],"lifecycleHooks":[]}},{"provider":{"token":{"identifier":{"reference":{"__symbol":6,"members":[]},"diDeps":[],"lifecycleHooks":[]}},"useClass":{"reference":{"__symbol":6,"members":[]},"diDeps":[],"lifecycleHooks":[]},"useFactory":null,"deps":[],"multi":false},"module":{"reference":{"__symbol":0,"members":[]},"diDeps":[],"lifecycleHooks":[]}}],"modules":[{"reference":{"__symbol":5,"members":[]},"diDeps":[],"lifecycleHooks":[]},{"reference":{"__symbol":0,"members":[]},"diDeps":[],"lifecycleHooks":[]}],"exportedDirectives":[{"reference":{"__symbol":7,"members":[]}},{"reference":{"__symbol":8,"members":[]}},{"reference":{"__symbol":9,"members":[]}},{"reference":{"__symbol":10,"members":[]}},{"reference":{"__symbol":11,"members":[]}},{"reference":{"__symbol":12,"members":[]}},{"reference":{"__symbol":13,"members":[]}},{"reference":{"__symbol":14,"members":[]}},{"reference":{"__symbol":15,"members":[]}},{"reference":{"__symbol":16,"members":[]}},{"reference":{"__symbol":17,"members":[]}},{"reference":{"__symbol":18,"members":[]}},{"reference":{"__symbol":19,"members":[]}}],"exportedPipes":[{"reference":{"__symbol":20,"members":[]}}]}}],"symbols":[{"__symbol":0,"name":"VgControlsModule","filePath":"./controls"},{"__symbol":1,"name":"NgLocalization","filePath":"@angular/common"},{"__symbol":2,"name":"NgLocaleLocalization","filePath":"@angular/common"},{"__symbol":3,"name":"LOCALE_ID","filePath":"@angular/core"},{"__symbol":4,"name":"ɵangular_packages_common_common_a","filePath":"@angular/common"},{"__symbol":5,"name":"CommonModule","filePath":"@angular/common"},{"__symbol":6,"name":"VgControlsHidden","filePath":"../core/services/vg-controls-hidden"},{"__symbol":7,"name":"VgControls","filePath":"./vg-controls"},{"__symbol":8,"name":"VgFullscreen","filePath":"./vg-fullscreen/vg-fullscreen"},{"__symbol":9,"name":"VgMute","filePath":"./vg-mute/vg-mute"},{"__symbol":10,"name":"VgVolume","filePath":"./vg-volume/vg-volume"},{"__symbol":11,"name":"VgPlayPause","filePath":"./vg-play-pause/vg-play-pause"},{"__symbol":12,"name":"VgPlaybackButton","filePath":"./vg-playback-button/vg-playback-button"},{"__symbol":13,"name":"VgScrubBar","filePath":"./vg-scrub-bar/vg-scrub-bar"},{"__symbol":14,"name":"VgScrubBarBufferingTime","filePath":"./vg-scrub-bar/vg-scrub-bar-buffering-time/vg-scrub-bar-buffering-time"},{"__symbol":15,"name":"VgScrubBarCuePoints","filePath":"./vg-scrub-bar/vg-scrub-bar-cue-points/vg-scrub-bar-cue-points"},{"__symbol":16,"name":"VgScrubBarCurrentTime","filePath":"./vg-scrub-bar/vg-scrub-bar-current-time/vg-scrub-bar-current-time"},{"__symbol":17,"name":"VgTimeDisplay","filePath":"./vg-time-display/vg-time-display"},{"__symbol":18,"name":"VgTrackSelector","filePath":"./vg-track-selector/vg-track-selector"},{"__symbol":19,"name":"VgQualitySelector","filePath":"./vg-quality-selector/vg-quality-selector"},{"__symbol":20,"name":"VgUtcPipe","filePath":"./vg-time-display/vg-time-display"}]}