{"moduleName":null,"summaries":[{"symbol":{"__symbol":0,"members":[]},"metadata":{"__symbolic":"class","members":{"isAdsPlaying":[{"__symbolic":"property","decorators":[{"__symbolic":"call","expression":{"__symbol":1,"members":[]},"arguments":["style.pointer-events"]}]}],"hideControls":[{"__symbolic":"property","decorators":[{"__symbolic":"call","expression":{"__symbol":1,"members":[]},"arguments":["class.hide"]}]}],"vgFor":[{"__symbolic":"property","decorators":[{"__symbolic":"call","expression":{"__symbol":2,"members":[]}}]}],"vgAutohide":[{"__symbolic":"property","decorators":[{"__symbolic":"call","expression":{"__symbol":2,"members":[]}}]}],"vgAutohideTime":[{"__symbolic":"property","decorators":[{"__symbolic":"call","expression":{"__symbol":2,"members":[]}}]}],"__ctor__":[{"__symbolic":"constructor","parameters":[{"__symbol":3,"members":[]},{"__symbol":4,"members":[]},{"__symbol":5,"members":[]}]}],"ngOnInit":[{"__symbolic":"method"}],"onPlayerReady":[{"__symbolic":"method"}],"ngAfterViewInit":[{"__symbolic":"method"}],"onPlay":[{"__symbolic":"method"}],"onPause":[{"__symbolic":"method"}],"onStartAds":[{"__symbolic":"method"}],"onEndAds":[{"__symbolic":"method"}],"hide":[{"__symbolic":"method"}],"show":[{"__symbolic":"method"}],"hideAsync":[{"__symbolic":"method"}],"ngOnDestroy":[{"__symbolic":"method"}]}},"type":{"summaryKind":1,"type":{"reference":{"__symbol":0,"members":[]},"diDeps":[{"isAttribute":false,"isHost":false,"isSelf":false,"isSkipSelf":false,"isOptional":false,"token":{"identifier":{"reference":{"__symbol":3,"members":[]}}}},{"isAttribute":false,"isHost":false,"isSelf":false,"isSkipSelf":false,"isOptional":false,"token":{"identifier":{"reference":{"__symbol":4,"members":[]}}}},{"isAttribute":false,"isHost":false,"isSelf":false,"isSkipSelf":false,"isOptional":false,"token":{"identifier":{"reference":{"__symbol":5,"members":[]}}}}],"lifecycleHooks":[0,1,6]},"isComponent":true,"selector":"vg-controls","exportAs":null,"inputs":{"vgFor":"vgFor","vgAutohide":"vgAutohide","vgAutohideTime":"vgAutohideTime"},"outputs":{},"hostListeners":{},"hostProperties":{"style.pointer-events":"isAdsPlaying","class.hide":"hideControls"},"hostAttributes":{},"providers":[],"viewProviders":[],"queries":[],"guards":{},"viewQueries":[],"entryComponents":[],"changeDetection":1,"template":{"ngContentSelectors":["*"],"encapsulation":2},"componentViewType":{"__symbol":6,"members":[]},"rendererType":{"__symbol":7,"members":[]},"componentFactory":{"__symbol":8,"members":[]}}}],"symbols":[{"__symbol":0,"name":"VgControls","filePath":"./vg-controls"},{"__symbol":1,"name":"HostBinding","filePath":"@angular/core"},{"__symbol":2,"name":"Input","filePath":"@angular/core"},{"__symbol":3,"name":"VgAPI","filePath":"../core/services/vg-api"},{"__symbol":4,"name":"ElementRef","filePath":"@angular/core"},{"__symbol":5,"name":"VgControlsHidden","filePath":"../core/services/vg-controls-hidden"},{"__symbol":6,"name":"View_VgControls_0","filePath":"./vg-controls.ngfactory"},{"__symbol":7,"name":"RenderType_VgControls","filePath":"./vg-controls.ngfactory"},{"__symbol":8,"name":"VgControlsNgFactory","filePath":"./vg-controls.ngfactory"}]}