[{"__symbolic":"module","version":4,"metadata":{"VgControls":{"__symbolic":"class","decorators":[{"__symbolic":"call","expression":{"__symbolic":"reference","module":"@angular/core","name":"Component","line":11,"character":1},"arguments":[{"selector":"vg-controls","encapsulation":{"__symbolic":"select","expression":{"__symbolic":"reference","module":"@angular/core","name":"ViewEncapsulation","line":13,"character":19},"member":"None"},"template":"<ng-content></ng-content>","styles":["\n        vg-controls {\n            position: absolute;\n            display: flex;\n            width: 100%;\n            height: 50px;\n            z-index: 300;\n            bottom: 0;\n            background-color: rgba(0, 0, 0, 0.5);\n            -webkit-transition: bottom 1s;\n            -khtml-transition: bottom 1s;\n            -moz-transition: bottom 1s;\n            -ms-transition: bottom 1s;\n            transition: bottom 1s;\n        }\n\n        vg-controls.hide {  \n            bottom: -50px;\n        }\n    "]}]}],"members":{"isAdsPlaying":[{"__symbolic":"property","decorators":[{"__symbolic":"call","expression":{"__symbolic":"reference","module":"@angular/core","name":"HostBinding","line":40,"character":5},"arguments":["style.pointer-events"]}]}],"hideControls":[{"__symbolic":"property","decorators":[{"__symbolic":"call","expression":{"__symbolic":"reference","module":"@angular/core","name":"HostBinding","line":41,"character":5},"arguments":["class.hide"]}]}],"vgFor":[{"__symbolic":"property","decorators":[{"__symbolic":"call","expression":{"__symbolic":"reference","module":"@angular/core","name":"Input","line":43,"character":5}}]}],"vgAutohide":[{"__symbolic":"property","decorators":[{"__symbolic":"call","expression":{"__symbolic":"reference","module":"@angular/core","name":"Input","line":44,"character":5}}]}],"vgAutohideTime":[{"__symbolic":"property","decorators":[{"__symbolic":"call","expression":{"__symbolic":"reference","module":"@angular/core","name":"Input","line":45,"character":5}}]}],"__ctor__":[{"__symbolic":"constructor","parameters":[{"__symbolic":"reference","module":"../core/services/vg-api","name":"VgAPI","line":55,"character":29},{"__symbolic":"reference","module":"@angular/core","name":"ElementRef","line":55,"character":49},{"__symbolic":"reference","module":"./../core/services/vg-controls-hidden","name":"VgControlsHidden","line":55,"character":77}]}],"ngOnInit":[{"__symbolic":"method"}],"onPlayerReady":[{"__symbolic":"method"}],"ngAfterViewInit":[{"__symbolic":"method"}],"onPlay":[{"__symbolic":"method"}],"onPause":[{"__symbolic":"method"}],"onStartAds":[{"__symbolic":"method"}],"onEndAds":[{"__symbolic":"method"}],"hide":[{"__symbolic":"method"}],"show":[{"__symbolic":"method"}],"hideAsync":[{"__symbolic":"method"}],"ngOnDestroy":[{"__symbolic":"method"}]}}}}]