[{"__symbolic":"module","version":4,"metadata":{"VgDASH":{"__symbolic":"class","decorators":[{"__symbolic":"call","expression":{"__symbolic":"reference","module":"@angular/core","name":"Directive","line":18,"character":1},"arguments":[{"selector":"[vgDash]","exportAs":"vgDash"}]}],"members":{"vgDash":[{"__symbolic":"property","decorators":[{"__symbolic":"call","expression":{"__symbolic":"reference","module":"@angular/core","name":"Input","line":23,"character":5}}]}],"vgDRMToken":[{"__symbolic":"property","decorators":[{"__symbolic":"call","expression":{"__symbolic":"reference","module":"@angular/core","name":"Input","line":24,"character":5}}]}],"vgDRMLicenseServer":[{"__symbolic":"property","decorators":[{"__symbolic":"call","expression":{"__symbolic":"reference","module":"@angular/core","name":"Input","line":25,"character":5}}]}],"onGetBitrates":[{"__symbolic":"property","decorators":[{"__symbolic":"call","expression":{"__symbolic":"reference","module":"@angular/core","name":"Output","line":27,"character":5}}]}],"__ctor__":[{"__symbolic":"constructor","parameters":[{"__symbolic":"reference","module":"@angular/core","name":"ElementRef","line":35,"character":28},{"__symbolic":"reference","module":"../../core/services/vg-api","name":"VgAPI","line":35,"character":51}]}],"ngOnInit":[{"__symbolic":"method"}],"onPlayerReady":[{"__symbolic":"method"}],"ngOnChanges":[{"__symbolic":"method"}],"createPlayer":[{"__symbolic":"method"}],"setBitrate":[{"__symbolic":"method"}],"destroyPlayer":[{"__symbolic":"method"}],"ngOnDestroy":[{"__symbolic":"method"}]}}}}]